Driver,Team,LapNumber,DriverLapKey,Compound,Stint,LapTime_str,LapTime_s,Sector1Time_s,Sector2Time_s,Sector3Time_s,PitInTime_s,PitOutTime_s,IsPersonalBest,IsAccurate
RUS,Mercedes,1.0,RUS_1.0,MEDIUM,1.0,,,,37.497,25.178,,,False,False
RUS,Mercedes,2.0,RUS_2.0,MEDIUM,1.0,01:31.418,91.418,29.454,36.954,25.01,,,True,True
RUS,Mercedes,3.0,RUS_3.0,MEDIUM,1.0,01:31.298,91.298,29.299,36.816,25.183,,,True,True
RUS,Mercedes,4.0,RUS_4.0,MEDIUM,1.0,01:31.799,91.799,29.507,37.206,25.086,,,False,True
RUS,Mercedes,5.0,RUS_5.0,MEDIUM,1.0,01:31.628,91.628,29.426,37.107,25.095,,,False,True
RUS,Mercedes,6.0,RUS_6.0,MEDIUM,1.0,01:31.625,91.625,29.478,37.031,25.116,,,False,True
RUS,Mercedes,7.0,RUS_7.0,MEDIUM,1.0,01:31.663,91.663,29.503,36.936,25.224,,,False,True
RUS,Mercedes,8.0,RUS_8.0,MEDIUM,1.0,01:31.731,91.731,29.582,36.966,25.183,,,False,True
RUS,Mercedes,9.0,RUS_9.0,MEDIUM,1.0,01:31.621,91.621,29.438,37.017,25.166,,,False,True
RUS,Mercedes,10.0,RUS_10.0,MEDIUM,1.0,01:31.639,91.639,29.526,36.953,25.16,,,False,True
RUS,Mercedes,11.0,RUS_11.0,MEDIUM,1.0,01:31.586,91.586,29.408,36.989,25.189,,,False,True
RUS,Mercedes,12.0,RUS_12.0,MEDIUM,1.0,01:31.619,91.619,29.443,36.939,25.237,,,False,True
RUS,Mercedes,13.0,RUS_13.0,MEDIUM,1.0,01:31.716,91.716,29.508,37.014,25.194,,,False,True
RUS,Mercedes,14.0,RUS_14.0,MEDIUM,1.0,01:31.478,91.478,29.486,36.957,25.035,,,False,True
RUS,Mercedes,15.0,RUS_15.0,MEDIUM,1.0,01:31.566,91.566,29.541,36.928,25.097,,,False,True
RUS,Mercedes,16.0,RUS_16.0,MEDIUM,1.0,01:31.626,91.626,29.53,36.794,25.302,,,False,True
RUS,Mercedes,17.0,RUS_17.0,MEDIUM,1.0,01:34.793,94.793,29.793,37.278,27.722,,,False,True
RUS,Mercedes,18.0,RUS_18.0,MEDIUM,1.0,01:36.365,96.365,30.185,37.731,28.449,,,False,True
RUS,Mercedes,19.0,RUS_19.0,MEDIUM,1.0,01:44.151,104.151,35.263,41.002,27.886,,,False,True
RUS,Mercedes,20.0,RUS_20.0,MEDIUM,1.0,01:39.962,99.962,33.517,39.614,26.831,,,False,True
RUS,Mercedes,21.0,RUS_21.0,MEDIUM,1.0,01:32.753,92.753,29.899,37.611,25.243,,,False,True
RUS,Mercedes,22.0,RUS_22.0,MEDIUM,1.0,01:31.344,91.344,29.501,36.926,24.917,,,False,True
RUS,Mercedes,23.0,RUS_23.0,MEDIUM,1.0,01:31.497,91.497,29.479,36.952,25.066,,,False,True
RUS,Mercedes,24.0,RUS_24.0,MEDIUM,1.0,01:31.968,91.968,29.495,36.926,25.547,,,False,True
RUS,Mercedes,25.0,RUS_25.0,MEDIUM,1.0,01:34.781,94.781,29.787,38.367,26.627,,,False,True
RUS,Mercedes,26.0,RUS_26.0,MEDIUM,1.0,01:39.949,99.949,30.082,41.323,28.544,,,False,True
RUS,Mercedes,27.0,RUS_27.0,MEDIUM,1.0,01:47.698,107.698,31.368,45.879,30.451,6023.995,,False,False
RUS,Mercedes,28.0,RUS_28.0,INTERMEDIATE,2.0,02:04.342,124.342,55.131,40.43,28.781,,6056.134,False,False
RUS,Mercedes,29.0,RUS_29.0,INTERMEDIATE,2.0,01:40.405,100.405,31.504,40.75,28.151,,,False,True
RUS,Mercedes,30.0,RUS_30.0,INTERMEDIATE,2.0,01:41.237,101.237,31.859,41.018,28.36,,,False,True
RUS,Mercedes,31.0,RUS_31.0,INTERMEDIATE,2.0,01:41.902,101.902,31.95,41.21,28.742,,,False,True
RUS,Mercedes,32.0,RUS_32.0,INTERMEDIATE,2.0,01:43.085,103.085,32.488,41.387,29.21,,,False,True
RUS,Mercedes,33.0,RUS_33.0,INTERMEDIATE,2.0,01:46.221,106.221,32.329,41.835,32.057,6659.953,,False,False
HAM,Mercedes,1.0,HAM_1.0,MEDIUM,1.0,,,,37.703,25.484,,,False,False
HAM,Mercedes,2.0,HAM_2.0,MEDIUM,1.0,01:31.420,91.42,29.249,37.314,24.857,,,True,True
HAM,Mercedes,3.0,HAM_3.0,MEDIUM,1.0,01:31.716,91.716,29.287,37.133,25.296,,,False,True
HAM,Mercedes,4.0,HAM_4.0,MEDIUM,1.0,01:31.988,91.988,29.554,37.258,25.176,,,False,True
HAM,Mercedes,5.0,HAM_5.0,MEDIUM,1.0,01:31.677,91.677,29.469,37.231,24.977,,,False,True
HAM,Mercedes,6.0,HAM_6.0,MEDIUM,1.0,01:31.746,91.746,29.486,37.195,25.065,,,False,True
HAM,Mercedes,7.0,HAM_7.0,MEDIUM,1.0,01:31.675,91.675,29.518,37.064,25.093,,,False,True
HAM,Mercedes,8.0,HAM_8.0,MEDIUM,1.0,01:31.760,91.76,29.475,37.201,25.084,,,False,True
HAM,Mercedes,9.0,HAM_9.0,MEDIUM,1.0,01:31.564,91.564,29.496,36.954,25.114,,,False,True
HAM,Mercedes,10.0,HAM_10.0,MEDIUM,1.0,01:31.515,91.515,29.484,36.923,25.108,,,False,True
HAM,Mercedes,11.0,HAM_11.0,MEDIUM,1.0,01:31.487,91.487,29.412,37.003,25.072,,,False,True
HAM,Mercedes,12.0,HAM_12.0,MEDIUM,1.0,01:31.563,91.563,29.429,36.937,25.197,,,False,True
HAM,Mercedes,13.0,HAM_13.0,MEDIUM,1.0,01:31.881,91.881,29.817,37.067,24.997,,,False,True
HAM,Mercedes,14.0,HAM_14.0,MEDIUM,1.0,01:31.609,91.609,29.552,37.045,25.012,,,False,True
HAM,Mercedes,15.0,HAM_15.0,MEDIUM,1.0,01:31.563,91.563,29.52,37.024,25.019,,,False,True
HAM,Mercedes,16.0,HAM_16.0,MEDIUM,1.0,01:31.931,91.931,29.491,36.755,25.685,,,False,True
HAM,Mercedes,17.0,HAM_17.0,MEDIUM,1.0,01:33.721,93.721,29.743,36.945,27.033,,,False,True
HAM,Mercedes,18.0,HAM_18.0,MEDIUM,1.0,01:35.071,95.071,29.752,37.612,27.707,,,False,True
HAM,Mercedes,19.0,HAM_19.0,MEDIUM,1.0,01:43.711,103.711,34.046,40.683,28.982,,,False,True
HAM,Mercedes,20.0,HAM_20.0,MEDIUM,1.0,01:40.021,100.021,33.695,39.257,27.069,,,False,True
HAM,Mercedes,21.0,HAM_21.0,MEDIUM,1.0,01:32.156,92.156,29.881,37.046,25.229,,,False,True
HAM,Mercedes,22.0,HAM_22.0,MEDIUM,1.0,01:31.095,91.095,29.387,36.821,24.887,,,True,True
HAM,Mercedes,23.0,HAM_23.0,MEDIUM,1.0,01:31.107,91.107,29.369,36.814,24.924,,,False,True
HAM,Mercedes,24.0,HAM_24.0,MEDIUM,1.0,01:31.635,91.635,29.344,36.872,25.419,,,False,True
HAM,Mercedes,25.0,HAM_25.0,MEDIUM,1.0,01:34.988,94.988,29.923,38.568,26.497,,,False,True
HAM,Mercedes,26.0,HAM_26.0,MEDIUM,1.0,01:40.792,100.792,30.114,42.065,28.613,,,False,True
HAM,Mercedes,27.0,HAM_27.0,MEDIUM,1.0,01:45.183,105.183,31.477,45.498,28.208,6020.422,,False,False
HAM,Mercedes,28.0,HAM_28.0,INTERMEDIATE,2.0,02:00.866,120.866,52.668,40.319,27.879,,6049.411,False,False
HAM,Mercedes,29.0,HAM_29.0,INTERMEDIATE,2.0,01:40.420,100.42,31.69,40.569,28.161,,,False,True
HAM,Mercedes,30.0,HAM_30.0,INTERMEDIATE,2.0,01:40.467,100.467,31.833,40.4,28.234,,,False,True
HAM,Mercedes,31.0,HAM_31.0,INTERMEDIATE,2.0,01:41.538,101.538,31.9,40.828,28.81,,,False,True
HAM,Mercedes,32.0,HAM_32.0,INTERMEDIATE,2.0,01:42.475,102.475,32.107,41.398,28.97,,,False,True
HAM,Mercedes,33.0,HAM_33.0,INTERMEDIATE,2.0,01:42.435,102.435,32.312,41.325,28.798,,,False,True
HAM,Mercedes,34.0,HAM_34.0,INTERMEDIATE,2.0,01:42.757,102.757,32.419,41.475,28.863,,,False,True
HAM,Mercedes,35.0,HAM_35.0,INTERMEDIATE,2.0,01:42.271,102.271,32.513,41.544,28.214,,,False,True
HAM,Mercedes,36.0,HAM_36.0,INTERMEDIATE,2.0,01:41.924,101.924,32.184,42.037,27.703,,,False,True
HAM,Mercedes,37.0,HAM_37.0,INTERMEDIATE,2.0,01:39.711,99.711,31.694,41.125,26.892,,,False,True
HAM,Mercedes,38.0,HAM_38.0,INTERMEDIATE,2.0,01:37.220,97.22,31.208,40.056,25.956,7152.47,,False,False
HAM,Mercedes,39.0,HAM_39.0,SOFT,3.0,01:57.389,117.389,53.812,38.414,25.163,,7182.507,False,False
HAM,Mercedes,40.0,HAM_40.0,SOFT,3.0,01:30.318,90.318,28.689,36.767,24.862,,,True,True
HAM,Mercedes,41.0,HAM_41.0,SOFT,3.0,01:30.118,90.118,28.96,36.367,24.791,,,True,True
HAM,Mercedes,42.0,HAM_42.0,SOFT,3.0,01:29.617,89.617,28.922,36.207,24.488,,,True,True
HAM,Mercedes,43.0,HAM_43.0,SOFT,3.0,01:29.793,89.793,28.884,36.195,24.714,,,False,True
HAM,Mercedes,44.0,HAM_44.0,SOFT,3.0,01:29.697,89.697,29.087,36.164,24.446,,,False,True
HAM,Mercedes,45.0,HAM_45.0,SOFT,3.0,01:29.438,89.438,29.064,36.042,24.332,,,True,True
HAM,Mercedes,46.0,HAM_46.0,SOFT,3.0,01:29.641,89.641,29.154,36.156,24.331,,,False,True
HAM,Mercedes,47.0,HAM_47.0,SOFT,3.0,01:29.538,89.538,29.069,36.025,24.444,,,False,True
HAM,Mercedes,48.0,HAM_48.0,SOFT,3.0,01:29.579,89.579,29.144,36.0,24.435,,,False,True
HAM,Mercedes,49.0,HAM_49.0,SOFT,3.0,01:29.667,89.667,29.218,36.038,24.411,,,False,True
HAM,Mercedes,50.0,HAM_50.0,SOFT,3.0,01:29.682,89.682,29.222,35.946,24.514,,,False,True
HAM,Mercedes,51.0,HAM_51.0,SOFT,3.0,01:29.743,89.743,29.128,36.03,24.585,,,False,True
HAM,Mercedes,52.0,HAM_52.0,SOFT,3.0,01:30.146,90.146,29.302,36.135,24.709,,,False,True
NOR,McLaren,1.0,NOR_1.0,MEDIUM,1.0,,,,38.34,25.641,,,False,False
NOR,McLaren,2.0,NOR_2.0,MEDIUM,1.0,01:32.188,92.188,29.225,37.918,25.045,,,True,True
NOR,McLaren,3.0,NOR_3.0,MEDIUM,1.0,01:31.991,91.991,29.279,37.536,25.176,,,True,True
NOR,McLaren,4.0,NOR_4.0,MEDIUM,1.0,01:31.976,91.976,29.32,37.452,25.204,,,True,True
NOR,McLaren,5.0,NOR_5.0,MEDIUM,1.0,01:31.716,91.716,29.363,37.239,25.114,,,True,True
NOR,McLaren,6.0,NOR_6.0,MEDIUM,1.0,01:31.896,91.896,29.368,37.443,25.085,,,False,True
NOR,McLaren,7.0,NOR_7.0,MEDIUM,1.0,01:32.071,92.071,29.557,37.223,25.291,,,False,True
NOR,McLaren,8.0,NOR_8.0,MEDIUM,1.0,01:32.018,92.018,29.566,37.16,25.292,,,False,True
NOR,McLaren,9.0,NOR_9.0,MEDIUM,1.0,01:31.976,91.976,29.558,37.179,25.239,,,False,True
NOR,McLaren,10.0,NOR_10.0,MEDIUM,1.0,01:31.830,91.83,29.516,37.134,25.18,,,False,True
NOR,McLaren,11.0,NOR_11.0,MEDIUM,1.0,01:31.748,91.748,29.417,37.15,25.181,,,False,True
NOR,McLaren,12.0,NOR_12.0,MEDIUM,1.0,01:31.718,91.718,29.501,37.046,25.171,,,False,True
NOR,McLaren,13.0,NOR_13.0,MEDIUM,1.0,01:31.472,91.472,29.496,36.95,25.026,,,True,True
NOR,McLaren,14.0,NOR_14.0,MEDIUM,1.0,01:31.407,91.407,29.3,37.048,25.059,,,True,True
NOR,McLaren,15.0,NOR_15.0,MEDIUM,1.0,01:30.946,90.946,29.38,36.994,24.572,,,True,True
NOR,McLaren,16.0,NOR_16.0,MEDIUM,1.0,01:31.690,91.69,29.378,36.807,25.505,,,False,True
NOR,McLaren,17.0,NOR_17.0,MEDIUM,1.0,01:34.304,94.304,29.606,37.055,27.643,,,False,True
NOR,McLaren,18.0,NOR_18.0,MEDIUM,1.0,01:34.125,94.125,29.647,37.024,27.454,,,False,True
NOR,McLaren,19.0,NOR_19.0,MEDIUM,1.0,01:41.436,101.436,32.74,40.852,27.844,,,False,True
NOR,McLaren,20.0,NOR_20.0,MEDIUM,1.0,01:37.704,97.704,32.09,39.513,26.101,,,False,True
NOR,McLaren,21.0,NOR_21.0,MEDIUM,1.0,01:31.513,91.513,29.432,37.163,24.918,,,False,True
NOR,McLaren,22.0,NOR_22.0,MEDIUM,1.0,01:30.860,90.86,29.314,36.786,24.76,,,True,True
NOR,McLaren,23.0,NOR_23.0,MEDIUM,1.0,01:31.176,91.176,29.451,36.841,24.884,,,False,True
NOR,McLaren,24.0,NOR_24.0,MEDIUM,1.0,01:31.629,91.629,29.489,36.747,25.393,,,False,True
NOR,McLaren,25.0,NOR_25.0,MEDIUM,1.0,01:34.307,94.307,29.696,38.185,26.426,,,False,True
NOR,McLaren,26.0,NOR_26.0,MEDIUM,1.0,01:41.515,101.515,30.452,42.458,28.605,,,False,True
NOR,McLaren,27.0,NOR_27.0,MEDIUM,1.0,01:44.806,104.806,32.069,45.057,27.68,6017.147,,False,False
NOR,McLaren,28.0,NOR_28.0,INTERMEDIATE,2.0,02:00.915,120.915,52.053,40.758,28.104,,6045.89,False,False
NOR,McLaren,29.0,NOR_29.0,INTERMEDIATE,2.0,01:40.266,100.266,31.594,40.61,28.062,,,False,True
NOR,McLaren,30.0,NOR_30.0,INTERMEDIATE,2.0,01:40.717,100.717,31.98,40.583,28.154,,,False,True
NOR,McLaren,31.0,NOR_31.0,INTERMEDIATE,2.0,01:41.313,101.313,31.855,40.682,28.776,,,False,True
NOR,McLaren,32.0,NOR_32.0,INTERMEDIATE,2.0,01:42.216,102.216,32.262,41.072,28.882,,,False,True
NOR,McLaren,33.0,NOR_33.0,INTERMEDIATE,2.0,01:42.607,102.607,32.409,41.234,28.964,,,False,True
NOR,McLaren,34.0,NOR_34.0,INTERMEDIATE,2.0,01:43.078,103.078,32.496,41.716,28.866,,,False,True
NOR,McLaren,35.0,NOR_35.0,INTERMEDIATE,2.0,01:42.935,102.935,32.639,41.786,28.51,,,False,True
NOR,McLaren,36.0,NOR_36.0,INTERMEDIATE,2.0,01:42.340,102.34,32.53,42.138,27.672,,,False,True
NOR,McLaren,37.0,NOR_37.0,INTERMEDIATE,2.0,01:39.786,99.786,31.936,40.846,27.004,,,False,True
NOR,McLaren,38.0,NOR_38.0,INTERMEDIATE,2.0,01:37.999,97.999,31.328,39.844,26.827,,,False,True
NOR,McLaren,39.0,NOR_39.0,INTERMEDIATE,2.0,01:36.746,96.746,31.241,39.866,25.639,7248.12,,False,False
NOR,McLaren,40.0,NOR_40.0,SOFT,3.0,01:54.840,114.84,52.596,37.147,25.097,,7278.481,False,False
NOR,McLaren,41.0,NOR_41.0,SOFT,3.0,01:29.733,89.733,28.786,36.307,24.64,,,True,True
NOR,McLaren,42.0,NOR_42.0,SOFT,3.0,01:30.006,90.006,28.934,36.462,24.61,,,False,True
NOR,McLaren,43.0,NOR_43.0,SOFT,3.0,01:29.262,89.262,28.826,35.997,24.439,,,True,True
NOR,McLaren,44.0,NOR_44.0,SOFT,3.0,01:29.752,89.752,29.102,36.086,24.564,,,False,True
NOR,McLaren,45.0,NOR_45.0,SOFT,3.0,01:29.635,89.635,29.062,35.883,24.69,,,False,True
NOR,McLaren,46.0,NOR_46.0,SOFT,3.0,01:29.960,89.96,29.406,36.099,24.455,,,False,True
NOR,McLaren,47.0,NOR_47.0,SOFT,3.0,01:29.838,89.838,29.118,36.187,24.533,,,False,True
NOR,McLaren,48.0,NOR_48.0,SOFT,3.0,01:30.556,90.556,29.274,36.196,25.086,,,False,True
NOR,McLaren,49.0,NOR_49.0,SOFT,3.0,01:30.515,90.515,29.176,36.639,24.7,,,False,True
NOR,McLaren,50.0,NOR_50.0,SOFT,3.0,01:30.544,90.544,29.399,36.445,24.7,,,False,True
NOR,McLaren,51.0,NOR_51.0,SOFT,3.0,01:30.769,90.769,29.324,36.576,24.869,,,False,True
NOR,McLaren,52.0,NOR_52.0,SOFT,3.0,01:30.913,90.913,29.626,36.65,24.637,,,False,True
VER,Red Bull Racing,1.0,VER_1.0,MEDIUM,1.0,,,,37.975,25.708,,,False,False
VER,Red Bull Racing,2.0,VER_2.0,MEDIUM,1.0,01:31.773,91.773,29.612,37.222,24.939,,,True,True
VER,Red Bull Racing,3.0,VER_3.0,MEDIUM,1.0,01:32.200,92.2,29.672,37.216,25.312,,,False,True
VER,Red Bull Racing,4.0,VER_4.0,MEDIUM,1.0,01:31.933,91.933,29.626,37.09,25.217,,,False,True
VER,Red Bull Racing,5.0,VER_5.0,MEDIUM,1.0,01:31.778,91.778,29.608,37.007,25.163,,,False,True
VER,Red Bull Racing,6.0,VER_6.0,MEDIUM,1.0,01:31.711,91.711,29.471,37.07,25.17,,,True,True
VER,Red Bull Racing,7.0,VER_7.0,MEDIUM,1.0,01:31.935,91.935,29.586,37.024,25.325,,,False,True
VER,Red Bull Racing,8.0,VER_8.0,MEDIUM,1.0,01:32.038,92.038,29.655,37.087,25.296,,,False,True
VER,Red Bull Racing,9.0,VER_9.0,MEDIUM,1.0,01:31.883,91.883,29.639,36.978,25.266,,,False,True
VER,Red Bull Racing,10.0,VER_10.0,MEDIUM,1.0,01:31.661,91.661,29.557,36.884,25.22,,,True,True
VER,Red Bull Racing,11.0,VER_11.0,MEDIUM,1.0,01:31.810,91.81,29.524,37.06,25.226,,,False,True
VER,Red Bull Racing,12.0,VER_12.0,MEDIUM,1.0,01:31.894,91.894,29.529,37.046,25.319,,,False,True
VER,Red Bull Racing,13.0,VER_13.0,MEDIUM,1.0,01:31.759,91.759,29.562,37.021,25.176,,,False,True
VER,Red Bull Racing,14.0,VER_14.0,MEDIUM,1.0,01:31.700,91.7,29.517,37.027,25.156,,,False,True
VER,Red Bull Racing,15.0,VER_15.0,MEDIUM,1.0,01:32.249,92.249,29.622,36.874,25.753,,,False,True
VER,Red Bull Racing,16.0,VER_16.0,MEDIUM,1.0,01:32.504,92.504,29.493,37.097,25.914,,,False,True
VER,Red Bull Racing,17.0,VER_17.0,MEDIUM,1.0,01:35.359,95.359,29.827,37.281,28.251,,,False,True
VER,Red Bull Racing,18.0,VER_18.0,MEDIUM,1.0,01:36.172,96.172,30.085,37.891,28.196,,,False,True
VER,Red Bull Racing,19.0,VER_19.0,MEDIUM,1.0,01:42.485,102.485,33.582,40.925,27.978,,,False,True
VER,Red Bull Racing,20.0,VER_20.0,MEDIUM,1.0,01:37.108,97.108,31.872,39.086,26.15,,,False,True
VER,Red Bull Racing,21.0,VER_21.0,MEDIUM,1.0,01:33.488,93.488,30.031,37.975,25.482,,,False,True
VER,Red Bull Racing,22.0,VER_22.0,MEDIUM,1.0,01:31.904,91.904,29.61,37.027,25.267,,,False,True
VER,Red Bull Racing,23.0,VER_23.0,MEDIUM,1.0,01:32.143,92.143,29.632,37.148,25.363,,,False,True
VER,Red Bull Racing,24.0,VER_24.0,MEDIUM,1.0,01:33.020,93.02,29.699,37.341,25.98,,,False,True
VER,Red Bull Racing,25.0,VER_25.0,MEDIUM,1.0,01:36.063,96.063,29.999,38.958,27.106,,,False,True
VER,Red Bull Racing,26.0,VER_26.0,MEDIUM,1.0,01:41.491,101.491,30.72,43.858,26.913,5924.599,,False,False
VER,Red Bull Racing,27.0,VER_27.0,INTERMEDIATE,2.0,01:59.169,119.169,51.084,40.561,27.524,,5953.065,False,False
VER,Red Bull Racing,28.0,VER_28.0,INTERMEDIATE,2.0,01:41.176,101.176,31.767,41.184,28.225,,,False,True
VER,Red Bull Racing,29.0,VER_29.0,INTERMEDIATE,2.0,01:41.533,101.533,31.943,41.241,28.349,,,False,True
VER,Red Bull Racing,30.0,VER_30.0,INTERMEDIATE,2.0,01:42.098,102.098,32.368,41.071,28.659,,,False,True
VER,Red Bull Racing,31.0,VER_31.0,INTERMEDIATE,2.0,01:42.025,102.025,32.091,41.086,28.848,,,False,True
VER,Red Bull Racing,32.0,VER_32.0,INTERMEDIATE,2.0,01:42.538,102.538,32.47,41.197,28.871,,,False,True
VER,Red Bull Racing,33.0,VER_33.0,INTERMEDIATE,2.0,01:42.606,102.606,32.275,41.381,28.95,,,False,True
VER,Red Bull Racing,34.0,VER_34.0,INTERMEDIATE,2.0,01:42.447,102.447,32.316,41.542,28.589,,,False,True
VER,Red Bull Racing,35.0,VER_35.0,INTERMEDIATE,2.0,01:43.029,103.029,32.556,42.058,28.415,,,False,True
VER,Red Bull Racing,36.0,VER_36.0,INTERMEDIATE,2.0,01:41.958,101.958,32.172,42.007,27.779,,,False,True
VER,Red Bull Racing,37.0,VER_37.0,INTERMEDIATE,2.0,01:38.869,98.869,31.547,40.385,26.937,,,False,True
VER,Red Bull Racing,38.0,VER_38.0,INTERMEDIATE,2.0,01:35.963,95.963,30.903,39.254,25.806,7158.092,,False,False
VER,Red Bull Racing,39.0,VER_39.0,HARD,3.0,01:58.311,118.311,53.747,38.012,26.552,,7187.248,False,False
VER,Red Bull Racing,40.0,VER_40.0,HARD,3.0,01:30.056,90.056,28.866,36.203,24.987,,,True,True
VER,Red Bull Racing,41.0,VER_41.0,HARD,3.0,01:29.604,89.604,28.789,35.955,24.86,,,True,True
VER,Red Bull Racing,42.0,VER_42.0,HARD,3.0,01:29.472,89.472,28.913,35.869,24.69,,,True,True
VER,Red Bull Racing,43.0,VER_43.0,HARD,3.0,01:29.105,89.105,28.984,35.655,24.466,,,True,True
VER,Red Bull Racing,44.0,VER_44.0,HARD,3.0,01:29.372,89.372,28.97,35.867,24.535,,,False,True
VER,Red Bull Racing,45.0,VER_45.0,HARD,3.0,01:29.137,89.137,29.056,35.591,24.49,,,False,True
VER,Red Bull Racing,46.0,VER_46.0,HARD,3.0,01:29.543,89.543,29.141,35.901,24.501,,,False,True
VER,Red Bull Racing,47.0,VER_47.0,HARD,3.0,01:29.411,89.411,28.989,35.905,24.517,,,False,True
VER,Red Bull Racing,48.0,VER_48.0,HARD,3.0,01:28.952,88.952,28.807,36.166,23.979,,,True,True
VER,Red Bull Racing,49.0,VER_49.0,HARD,3.0,01:29.560,89.56,29.166,35.949,24.445,,,False,True
VER,Red Bull Racing,50.0,VER_50.0,HARD,3.0,01:29.286,89.286,29.084,35.787,24.415,,,False,True
VER,Red Bull Racing,51.0,VER_51.0,HARD,3.0,01:29.443,89.443,29.097,35.888,24.458,,,False,True
VER,Red Bull Racing,52.0,VER_52.0,HARD,3.0,01:29.089,89.089,29.149,35.714,24.226,,,False,True
PIA,McLaren,1.0,PIA_1.0,MEDIUM,1.0,,,,38.659,25.803,,,False,False
PIA,McLaren,2.0,PIA_2.0,MEDIUM,1.0,01:32.361,92.361,29.489,37.642,25.23,,,True,True
PIA,McLaren,3.0,PIA_3.0,MEDIUM,1.0,01:31.927,91.927,29.31,37.49,25.127,,,True,True
PIA,McLaren,4.0,PIA_4.0,MEDIUM,1.0,01:31.919,91.919,29.458,37.348,25.113,,,True,True
PIA,McLaren,5.0,PIA_5.0,MEDIUM,1.0,01:31.832,91.832,29.512,37.243,25.077,,,True,True
PIA,McLaren,6.0,PIA_6.0,MEDIUM,1.0,01:32.062,92.062,29.435,37.476,25.151,,,False,True
PIA,McLaren,7.0,PIA_7.0,MEDIUM,1.0,01:31.925,91.925,29.335,37.322,25.268,,,False,True
PIA,McLaren,8.0,PIA_8.0,MEDIUM,1.0,01:31.994,91.994,29.386,37.379,25.229,,,False,True
PIA,McLaren,9.0,PIA_9.0,MEDIUM,1.0,,92.0,29.4,37.367,25.233,,,False,True
PIA,McLaren,10.0,PIA_10.0,MEDIUM,1.0,01:31.811,91.811,29.434,37.177,25.2,,,True,True
PIA,McLaren,11.0,PIA_11.0,MEDIUM,1.0,01:31.855,91.855,29.307,37.358,25.19,,,False,True
PIA,McLaren,12.0,PIA_12.0,MEDIUM,1.0,01:31.663,91.663,29.332,37.234,25.097,,,True,True
PIA,McLaren,13.0,PIA_13.0,MEDIUM,1.0,01:31.896,91.896,29.392,37.143,25.361,,,False,True
PIA,McLaren,14.0,PIA_14.0,MEDIUM,1.0,01:31.697,91.697,29.5,37.026,25.171,,,False,True
PIA,McLaren,15.0,PIA_15.0,MEDIUM,1.0,01:31.514,91.514,29.511,36.888,25.115,,,True,True
PIA,McLaren,16.0,PIA_16.0,MEDIUM,1.0,01:32.118,92.118,29.406,36.933,25.779,,,False,True
PIA,McLaren,17.0,PIA_17.0,MEDIUM,1.0,01:33.988,93.988,29.302,37.316,27.37,,,False,True
PIA,McLaren,18.0,PIA_18.0,MEDIUM,1.0,01:34.269,94.269,29.775,37.25,27.244,,,False,True
PIA,McLaren,19.0,PIA_19.0,MEDIUM,1.0,01:40.728,100.728,32.515,40.679,27.534,,,False,True
PIA,McLaren,20.0,PIA_20.0,MEDIUM,1.0,01:37.348,97.348,31.957,39.14,26.251,,,False,True
PIA,McLaren,21.0,PIA_21.0,MEDIUM,1.0,01:31.819,91.819,29.575,37.215,25.029,,,False,True
PIA,McLaren,22.0,PIA_22.0,MEDIUM,1.0,01:31.169,91.169,29.39,36.837,24.942,,,True,True
PIA,McLaren,23.0,PIA_23.0,MEDIUM,1.0,01:30.976,90.976,29.242,36.868,24.866,,,True,True
PIA,McLaren,24.0,PIA_24.0,MEDIUM,1.0,01:31.392,91.392,29.283,36.788,25.321,,,False,True
PIA,McLaren,25.0,PIA_25.0,MEDIUM,1.0,01:34.271,94.271,29.795,38.187,26.289,,,False,True
PIA,McLaren,26.0,PIA_26.0,MEDIUM,1.0,01:40.622,100.622,30.271,41.787,28.564,,,False,True
PIA,McLaren,27.0,PIA_27.0,MEDIUM,1.0,01:49.747,109.747,31.76,45.56,32.427,,,False,True
PIA,McLaren,28.0,PIA_28.0,MEDIUM,1.0,01:52.976,112.976,36.245,47.881,28.85,6135.701,,False,False
PIA,McLaren,29.0,PIA_29.0,INTERMEDIATE,2.0,02:01.184,121.184,52.621,40.509,28.054,,6165.296,False,False
PIA,McLaren,30.0,PIA_30.0,INTERMEDIATE,2.0,01:40.492,100.492,31.712,40.727,28.053,,,False,True
PIA,McLaren,31.0,PIA_31.0,INTERMEDIATE,2.0,01:42.161,102.161,31.932,41.097,29.132,,,False,True
PIA,McLaren,32.0,PIA_32.0,INTERMEDIATE,2.0,01:43.137,103.137,32.298,41.539,29.3,,,False,True
PIA,McLaren,33.0,PIA_33.0,INTERMEDIATE,2.0,01:43.325,103.325,32.527,41.286,29.512,,,False,True
PIA,McLaren,34.0,PIA_34.0,INTERMEDIATE,2.0,01:43.954,103.954,32.562,41.561,29.831,,,False,True
PIA,McLaren,35.0,PIA_35.0,INTERMEDIATE,2.0,01:43.309,103.309,32.603,42.066,28.64,,,False,True
PIA,McLaren,36.0,PIA_36.0,INTERMEDIATE,2.0,01:42.520,102.52,32.217,42.282,28.021,,,False,True
PIA,McLaren,37.0,PIA_37.0,INTERMEDIATE,2.0,01:39.635,99.635,31.659,40.593,27.383,,,False,True
PIA,McLaren,38.0,PIA_38.0,INTERMEDIATE,2.0,01:37.106,97.106,31.419,39.774,25.913,7172.481,,False,False
PIA,McLaren,39.0,PIA_39.0,MEDIUM,3.0,01:54.658,114.658,52.129,37.224,25.305,,7201.822,False,False
PIA,McLaren,40.0,PIA_40.0,MEDIUM,3.0,01:29.913,89.913,28.982,36.255,24.676,,,True,True
PIA,McLaren,41.0,PIA_41.0,MEDIUM,3.0,01:29.574,89.574,28.853,35.989,24.732,,,True,True
PIA,McLaren,42.0,PIA_42.0,MEDIUM,3.0,01:29.581,89.581,28.933,36.002,24.646,,,False,True
PIA,McLaren,43.0,PIA_43.0,MEDIUM,3.0,01:29.286,89.286,29.072,35.759,24.455,,,True,True
PIA,McLaren,44.0,PIA_44.0,MEDIUM,3.0,01:29.221,89.221,29.001,35.816,24.404,,,True,True
PIA,McLaren,45.0,PIA_45.0,MEDIUM,3.0,01:29.222,89.222,29.038,35.754,24.43,,,False,True
PIA,McLaren,46.0,PIA_46.0,MEDIUM,3.0,01:29.233,89.233,29.12,35.817,24.296,,,False,True
PIA,McLaren,47.0,PIA_47.0,MEDIUM,3.0,01:29.049,89.049,28.946,35.83,24.273,,,True,True
PIA,McLaren,48.0,PIA_48.0,MEDIUM,3.0,01:29.124,89.124,28.937,35.851,24.336,,,False,True
PIA,McLaren,49.0,PIA_49.0,MEDIUM,3.0,01:29.283,89.283,29.008,35.97,24.305,,,False,True
PIA,McLaren,50.0,PIA_50.0,MEDIUM,3.0,01:29.958,89.958,28.958,36.072,24.928,,,False,True
PIA,McLaren,51.0,PIA_51.0,MEDIUM,3.0,01:28.748,88.748,28.871,35.704,24.173,,,True,True
PIA,McLaren,52.0,PIA_52.0,MEDIUM,3.0,01:29.928,89.928,29.094,35.999,24.835,,,False,True
HUL,Haas F1 Team,1.0,HUL_1.0,MEDIUM,1.0,,,,38.864,26.06,,,False,False
HUL,Haas F1 Team,2.0,HUL_2.0,MEDIUM,1.0,01:32.844,92.844,29.458,38.023,25.363,,,True,True
HUL,Haas F1 Team,3.0,HUL_3.0,MEDIUM,1.0,01:32.605,92.605,29.476,37.758,25.371,,,True,True
HUL,Haas F1 Team,4.0,HUL_4.0,MEDIUM,1.0,01:32.563,92.563,29.462,37.808,25.293,,,True,True
HUL,Haas F1 Team,5.0,HUL_5.0,MEDIUM,1.0,01:32.768,92.768,29.542,37.704,25.522,,,False,True
HUL,Haas F1 Team,6.0,HUL_6.0,MEDIUM,1.0,01:32.697,92.697,29.525,37.613,25.559,,,False,True
HUL,Haas F1 Team,7.0,HUL_7.0,MEDIUM,1.0,01:32.733,92.733,29.612,37.753,25.368,,,False,True
HUL,Haas F1 Team,8.0,HUL_8.0,MEDIUM,1.0,01:32.802,92.802,29.549,37.819,25.434,,,False,True
HUL,Haas F1 Team,9.0,HUL_9.0,MEDIUM,1.0,01:32.396,92.396,29.547,37.479,25.37,,,True,True
HUL,Haas F1 Team,10.0,HUL_10.0,MEDIUM,1.0,01:32.439,92.439,29.47,37.601,25.368,,,False,True
HUL,Haas F1 Team,11.0,HUL_11.0,MEDIUM,1.0,01:32.428,92.428,29.466,37.561,25.401,,,False,True
HUL,Haas F1 Team,12.0,HUL_12.0,MEDIUM,1.0,01:32.401,92.401,29.544,37.62,25.237,,,False,True
HUL,Haas F1 Team,13.0,HUL_13.0,MEDIUM,1.0,01:32.468,92.468,29.514,37.563,25.391,,,False,True
HUL,Haas F1 Team,14.0,HUL_14.0,MEDIUM,1.0,01:32.621,92.621,29.547,37.705,25.369,,,False,True
HUL,Haas F1 Team,15.0,HUL_15.0,MEDIUM,1.0,01:32.672,92.672,29.6,37.684,25.388,,,False,True
HUL,Haas F1 Team,16.0,HUL_16.0,MEDIUM,1.0,01:33.194,93.194,29.588,37.671,25.935,,,False,True
HUL,Haas F1 Team,17.0,HUL_17.0,MEDIUM,1.0,01:35.447,95.447,29.611,37.972,27.864,,,False,True
HUL,Haas F1 Team,18.0,HUL_18.0,MEDIUM,1.0,01:35.834,95.834,30.157,38.039,27.638,,,False,True
HUL,Haas F1 Team,19.0,HUL_19.0,MEDIUM,1.0,01:45.752,105.752,35.421,42.211,28.12,,,False,True
HUL,Haas F1 Team,20.0,HUL_20.0,MEDIUM,1.0,01:37.529,97.529,31.584,39.768,26.177,,,False,True
HUL,Haas F1 Team,21.0,HUL_21.0,MEDIUM,1.0,01:32.649,92.649,29.638,37.668,25.343,,,False,True
HUL,Haas F1 Team,22.0,HUL_22.0,MEDIUM,1.0,01:32.233,92.233,29.458,37.19,25.585,,,True,True
HUL,Haas F1 Team,23.0,HUL_23.0,MEDIUM,1.0,01:32.612,92.612,29.586,37.319,25.707,,,False,True
HUL,Haas F1 Team,24.0,HUL_24.0,MEDIUM,1.0,01:33.352,93.352,29.702,37.802,25.848,,,False,True
HUL,Haas F1 Team,25.0,HUL_25.0,MEDIUM,1.0,01:35.918,95.918,29.955,38.937,27.026,,,False,True
HUL,Haas F1 Team,26.0,HUL_26.0,MEDIUM,1.0,01:41.853,101.853,30.434,44.465,26.954,5942.808,,False,False
HUL,Haas F1 Team,27.0,HUL_27.0,INTERMEDIATE,2.0,02:02.727,122.727,52.409,41.898,28.42,,5972.267,False,False
HUL,Haas F1 Team,28.0,HUL_28.0,INTERMEDIATE,2.0,01:41.897,101.897,31.639,41.887,28.371,,,False,True
HUL,Haas F1 Team,29.0,HUL_29.0,INTERMEDIATE,2.0,01:42.641,102.641,32.158,41.809,28.674,,,False,True
HUL,Haas F1 Team,30.0,HUL_30.0,INTERMEDIATE,2.0,01:42.811,102.811,32.078,41.659,29.074,,,False,True
HUL,Haas F1 Team,31.0,HUL_31.0,INTERMEDIATE,2.0,01:43.274,103.274,32.172,41.891,29.211,,,False,True
HUL,Haas F1 Team,32.0,HUL_32.0,INTERMEDIATE,2.0,01:44.134,104.134,32.498,42.207,29.429,,,False,True
HUL,Haas F1 Team,33.0,HUL_33.0,INTERMEDIATE,2.0,01:43.685,103.685,32.347,41.998,29.34,,,False,True
HUL,Haas F1 Team,34.0,HUL_34.0,INTERMEDIATE,2.0,01:44.263,104.263,32.706,42.634,28.923,,,False,True
HUL,Haas F1 Team,35.0,HUL_35.0,INTERMEDIATE,2.0,01:44.042,104.042,32.661,42.837,28.544,,,False,True
HUL,Haas F1 Team,36.0,HUL_36.0,INTERMEDIATE,2.0,01:43.044,103.044,32.248,42.618,28.178,,,False,True
HUL,Haas F1 Team,37.0,HUL_37.0,INTERMEDIATE,2.0,01:40.657,100.657,31.62,41.483,27.554,,,False,True
HUL,Haas F1 Team,38.0,HUL_38.0,INTERMEDIATE,2.0,01:38.854,98.854,31.437,40.207,27.21,,,False,True
HUL,Haas F1 Team,39.0,HUL_39.0,INTERMEDIATE,2.0,01:37.245,97.245,31.423,40.045,25.777,7292.097,,False,False
HUL,Haas F1 Team,40.0,HUL_40.0,SOFT,3.0,01:55.659,115.659,52.654,37.571,25.434,,7322.561,False,False
HUL,Haas F1 Team,41.0,HUL_41.0,SOFT,3.0,01:31.097,91.097,28.991,37.093,25.013,,,True,True
HUL,Haas F1 Team,42.0,HUL_42.0,SOFT,3.0,01:30.701,90.701,29.077,36.74,24.884,,,True,True
HUL,Haas F1 Team,43.0,HUL_43.0,SOFT,3.0,01:29.836,89.836,28.896,36.274,24.666,,,True,True
HUL,Haas F1 Team,44.0,HUL_44.0,SOFT,3.0,01:30.392,90.392,29.116,36.564,24.712,,,False,True
HUL,Haas F1 Team,45.0,HUL_45.0,SOFT,3.0,01:30.048,90.048,28.987,36.319,24.742,,,False,True
HUL,Haas F1 Team,46.0,HUL_46.0,SOFT,3.0,01:30.185,90.185,29.112,36.394,24.679,,,False,True
HUL,Haas F1 Team,47.0,HUL_47.0,SOFT,3.0,01:29.864,89.864,29.079,36.157,24.628,,,False,True
HUL,Haas F1 Team,48.0,HUL_48.0,SOFT,3.0,01:30.365,90.365,29.221,36.459,24.685,,,False,True
HUL,Haas F1 Team,49.0,HUL_49.0,SOFT,3.0,01:30.371,90.371,29.229,36.425,24.717,,,False,True
HUL,Haas F1 Team,50.0,HUL_50.0,SOFT,3.0,01:30.470,90.47,29.333,36.312,24.825,,,False,True
HUL,Haas F1 Team,51.0,HUL_51.0,SOFT,3.0,01:30.696,90.696,29.416,36.426,24.854,,,False,True
HUL,Haas F1 Team,52.0,HUL_52.0,SOFT,3.0,01:30.847,90.847,29.432,36.372,25.043,,,False,True
SAI,Ferrari,1.0,SAI_1.0,MEDIUM,1.0,,,,38.756,25.97,,,False,False
SAI,Ferrari,2.0,SAI_2.0,MEDIUM,1.0,01:32.359,92.359,29.435,37.736,25.188,,,True,True
SAI,Ferrari,3.0,SAI_3.0,MEDIUM,1.0,01:32.102,92.102,29.321,37.663,25.118,,,True,True
SAI,Ferrari,4.0,SAI_4.0,MEDIUM,1.0,01:32.045,92.045,29.36,37.633,25.052,,,True,True
SAI,Ferrari,5.0,SAI_5.0,MEDIUM,1.0,01:31.939,91.939,29.331,37.591,25.017,,,True,True
SAI,Ferrari,6.0,SAI_6.0,MEDIUM,1.0,01:31.900,91.9,29.439,37.353,25.108,,,True,True
SAI,Ferrari,7.0,SAI_7.0,MEDIUM,1.0,01:32.702,92.702,29.762,37.509,25.431,,,False,True
SAI,Ferrari,8.0,SAI_8.0,MEDIUM,1.0,01:32.372,92.372,29.672,37.336,25.364,,,False,True
SAI,Ferrari,9.0,SAI_9.0,MEDIUM,1.0,01:32.484,92.484,29.752,37.337,25.395,,,False,True
SAI,Ferrari,10.0,SAI_10.0,MEDIUM,1.0,01:32.362,92.362,29.68,37.376,25.306,,,False,True
SAI,Ferrari,11.0,SAI_11.0,MEDIUM,1.0,01:32.123,92.123,29.493,37.367,25.263,,,False,True
SAI,Ferrari,12.0,SAI_12.0,MEDIUM,1.0,01:32.358,92.358,29.645,37.317,25.396,,,False,True
SAI,Ferrari,13.0,SAI_13.0,MEDIUM,1.0,01:32.251,92.251,29.646,37.287,25.318,,,False,True
SAI,Ferrari,14.0,SAI_14.0,MEDIUM,1.0,01:32.106,92.106,29.553,37.357,25.196,,,False,True
SAI,Ferrari,15.0,SAI_15.0,MEDIUM,1.0,01:31.916,91.916,29.616,37.24,25.06,,,False,True
SAI,Ferrari,16.0,SAI_16.0,MEDIUM,1.0,01:32.455,92.455,29.68,37.234,25.541,,,False,True
SAI,Ferrari,17.0,SAI_17.0,MEDIUM,1.0,01:34.228,94.228,29.613,37.444,27.171,,,False,True
SAI,Ferrari,18.0,SAI_18.0,MEDIUM,1.0,01:34.310,94.31,29.965,37.529,26.816,,,False,True
SAI,Ferrari,19.0,SAI_19.0,MEDIUM,1.0,01:40.510,100.51,33.076,40.106,27.328,,,False,True
SAI,Ferrari,20.0,SAI_20.0,MEDIUM,1.0,01:36.538,96.538,31.652,38.765,26.121,,,False,True
SAI,Ferrari,21.0,SAI_21.0,MEDIUM,1.0,01:33.507,93.507,29.93,38.019,25.558,,,False,True
SAI,Ferrari,22.0,SAI_22.0,MEDIUM,1.0,01:32.157,92.157,29.792,37.213,25.152,,,False,True
SAI,Ferrari,23.0,SAI_23.0,MEDIUM,1.0,01:32.297,92.297,29.615,37.333,25.349,,,False,True
SAI,Ferrari,24.0,SAI_24.0,MEDIUM,1.0,01:32.734,92.734,29.452,37.358,25.924,,,False,True
SAI,Ferrari,25.0,SAI_25.0,MEDIUM,1.0,01:35.143,95.143,29.847,38.623,26.673,,,False,True
SAI,Ferrari,26.0,SAI_26.0,MEDIUM,1.0,01:42.481,102.481,30.838,44.415,27.228,5925.781,,False,False
SAI,Ferrari,27.0,SAI_27.0,INTERMEDIATE,2.0,02:01.664,121.664,52.019,41.298,28.347,,5955.047,False,False
SAI,Ferrari,28.0,SAI_28.0,INTERMEDIATE,2.0,01:42.641,102.641,32.526,41.298,28.817,,,False,True
SAI,Ferrari,29.0,SAI_29.0,INTERMEDIATE,2.0,01:42.447,102.447,32.306,41.381,28.76,,,False,True
SAI,Ferrari,30.0,SAI_30.0,INTERMEDIATE,2.0,01:42.737,102.737,32.367,41.54,28.83,,,False,True
SAI,Ferrari,31.0,SAI_31.0,INTERMEDIATE,2.0,01:43.007,103.007,32.343,41.618,29.046,,,False,True
SAI,Ferrari,32.0,SAI_32.0,INTERMEDIATE,2.0,01:43.298,103.298,32.379,41.627,29.292,,,False,True
SAI,Ferrari,33.0,SAI_33.0,INTERMEDIATE,2.0,01:43.201,103.201,32.248,41.779,29.174,,,False,True
SAI,Ferrari,34.0,SAI_34.0,INTERMEDIATE,2.0,01:42.794,102.794,32.229,41.713,28.852,,,False,True
SAI,Ferrari,35.0,SAI_35.0,INTERMEDIATE,2.0,01:43.590,103.59,32.466,42.505,28.619,,,False,True
SAI,Ferrari,36.0,SAI_36.0,INTERMEDIATE,2.0,01:42.748,102.748,32.172,42.765,27.811,,,False,True
SAI,Ferrari,37.0,SAI_37.0,INTERMEDIATE,2.0,01:40.432,100.432,31.728,41.435,27.269,,,False,True
SAI,Ferrari,38.0,SAI_38.0,INTERMEDIATE,2.0,01:38.370,98.37,31.076,40.107,27.187,,,False,True
SAI,Ferrari,39.0,SAI_39.0,INTERMEDIATE,2.0,01:36.802,96.802,31.069,39.956,25.777,7269.712,,False,False
SAI,Ferrari,40.0,SAI_40.0,HARD,3.0,01:56.753,116.753,52.978,37.934,25.841,,7298.639,False,False
SAI,Ferrari,41.0,SAI_41.0,HARD,3.0,01:30.475,90.475,28.813,36.465,25.197,,,True,True
SAI,Ferrari,42.0,SAI_42.0,HARD,3.0,01:29.872,89.872,28.807,36.195,24.87,,,True,True
SAI,Ferrari,43.0,SAI_43.0,HARD,3.0,01:29.872,89.872,28.887,36.289,24.696,,,False,True
SAI,Ferrari,44.0,SAI_44.0,HARD,3.0,01:29.739,89.739,28.895,36.304,24.54,,,True,True
SAI,Ferrari,45.0,SAI_45.0,HARD,3.0,01:29.589,89.589,29.004,36.031,24.554,,,True,True
SAI,Ferrari,46.0,SAI_46.0,HARD,3.0,01:29.588,89.588,29.071,36.117,24.4,,,True,True
SAI,Ferrari,47.0,SAI_47.0,HARD,3.0,01:29.553,89.553,28.946,36.166,24.441,,,True,True
SAI,Ferrari,48.0,SAI_48.0,HARD,3.0,01:29.415,89.415,29.057,36.072,24.286,,,True,True
SAI,Ferrari,49.0,SAI_49.0,HARD,3.0,01:29.439,89.439,28.943,36.097,24.399,,,False,True
SAI,Ferrari,50.0,SAI_50.0,HARD,3.0,01:29.434,89.434,28.907,35.875,24.652,8283.383,,False,False
SAI,Ferrari,51.0,SAI_51.0,SOFT,4.0,01:52.546,112.546,49.714,37.481,25.351,,8312.054,False,False
SAI,Ferrari,52.0,SAI_52.0,SOFT,4.0,01:28.293,88.293,28.55,35.619,24.124,,,True,True
STR,Aston Martin,1.0,STR_1.0,MEDIUM,1.0,,,,38.695,25.866,,,False,False
STR,Aston Martin,2.0,STR_2.0,MEDIUM,1.0,01:32.683,92.683,29.645,37.883,25.155,,,True,True
STR,Aston Martin,3.0,STR_3.0,MEDIUM,1.0,01:32.307,92.307,29.333,37.877,25.097,,,True,True
STR,Aston Martin,4.0,STR_4.0,MEDIUM,1.0,01:32.968,92.968,29.671,37.788,25.509,,,False,True
STR,Aston Martin,5.0,STR_5.0,MEDIUM,1.0,01:32.706,92.706,29.594,37.688,25.424,,,False,True
STR,Aston Martin,6.0,STR_6.0,MEDIUM,1.0,01:32.788,92.788,29.483,37.602,25.703,,,False,True
STR,Aston Martin,7.0,STR_7.0,MEDIUM,1.0,01:32.716,92.716,29.669,37.576,25.471,,,False,True
STR,Aston Martin,8.0,STR_8.0,MEDIUM,1.0,01:32.648,92.648,29.774,37.426,25.448,,,False,True
STR,Aston Martin,9.0,STR_9.0,MEDIUM,1.0,01:32.291,92.291,29.643,37.309,25.339,,,True,True
STR,Aston Martin,10.0,STR_10.0,MEDIUM,1.0,01:32.619,92.619,29.591,37.45,25.578,,,False,True
STR,Aston Martin,11.0,STR_11.0,MEDIUM,1.0,01:32.273,92.273,29.487,37.399,25.387,,,True,True
STR,Aston Martin,12.0,STR_12.0,MEDIUM,1.0,01:32.362,92.362,29.552,37.359,25.451,,,False,True
STR,Aston Martin,13.0,STR_13.0,MEDIUM,1.0,01:33.092,93.092,29.635,37.403,26.054,,,False,True
STR,Aston Martin,14.0,STR_14.0,MEDIUM,1.0,01:32.641,92.641,29.48,37.862,25.299,,,False,True
STR,Aston Martin,15.0,STR_15.0,MEDIUM,1.0,01:32.649,92.649,29.475,37.742,25.432,,,False,True
STR,Aston Martin,16.0,STR_16.0,MEDIUM,1.0,01:33.091,93.091,29.529,37.695,25.867,,,False,True
STR,Aston Martin,17.0,STR_17.0,MEDIUM,1.0,01:35.713,95.713,29.444,38.432,27.837,,,False,True
STR,Aston Martin,18.0,STR_18.0,MEDIUM,1.0,01:35.789,95.789,30.294,37.877,27.618,,,False,True
STR,Aston Martin,19.0,STR_19.0,MEDIUM,1.0,01:47.568,107.568,35.226,43.466,28.876,,,False,True
STR,Aston Martin,20.0,STR_20.0,MEDIUM,1.0,01:37.491,97.491,31.371,39.226,26.894,,,False,True
STR,Aston Martin,21.0,STR_21.0,MEDIUM,1.0,01:33.291,93.291,29.652,37.847,25.792,,,False,True
STR,Aston Martin,22.0,STR_22.0,MEDIUM,1.0,01:32.495,92.495,29.511,37.482,25.502,,,False,True
STR,Aston Martin,23.0,STR_23.0,MEDIUM,1.0,01:33.062,93.062,29.745,37.46,25.857,,,False,True
STR,Aston Martin,24.0,STR_24.0,MEDIUM,1.0,01:34.585,94.585,30.202,37.97,26.413,,,False,True
STR,Aston Martin,25.0,STR_25.0,MEDIUM,1.0,01:35.351,95.351,29.9,38.721,26.73,,,False,True
STR,Aston Martin,26.0,STR_26.0,MEDIUM,1.0,01:40.784,100.784,30.533,43.232,27.019,5945.009,,False,False
STR,Aston Martin,27.0,STR_27.0,INTERMEDIATE,2.0,02:01.611,121.611,51.897,41.424,28.29,,5974.064,False,False
STR,Aston Martin,28.0,STR_28.0,INTERMEDIATE,2.0,01:42.187,102.187,31.808,41.676,28.703,,,False,True
STR,Aston Martin,29.0,STR_29.0,INTERMEDIATE,2.0,01:42.992,102.992,32.354,41.795,28.843,,,False,True
STR,Aston Martin,30.0,STR_30.0,INTERMEDIATE,2.0,01:43.066,103.066,32.288,41.59,29.188,,,False,True
STR,Aston Martin,31.0,STR_31.0,INTERMEDIATE,2.0,01:43.714,103.714,32.355,42.14,29.219,,,False,True
STR,Aston Martin,32.0,STR_32.0,INTERMEDIATE,2.0,01:44.545,104.545,32.837,42.296,29.412,,,False,True
STR,Aston Martin,33.0,STR_33.0,INTERMEDIATE,2.0,01:44.213,104.213,32.781,41.979,29.453,,,False,True
STR,Aston Martin,34.0,STR_34.0,INTERMEDIATE,2.0,01:44.171,104.171,32.899,42.051,29.221,,,False,True
STR,Aston Martin,35.0,STR_35.0,INTERMEDIATE,2.0,01:44.422,104.422,32.82,42.798,28.804,,,False,True
STR,Aston Martin,36.0,STR_36.0,INTERMEDIATE,2.0,,103.0,32.334,42.363,28.303,,,False,True
STR,Aston Martin,37.0,STR_37.0,INTERMEDIATE,2.0,01:40.825,100.825,31.891,41.183,27.751,,,False,True
STR,Aston Martin,38.0,STR_38.0,INTERMEDIATE,2.0,01:39.373,99.373,31.361,40.574,27.438,,,False,True
STR,Aston Martin,39.0,STR_39.0,INTERMEDIATE,2.0,01:37.759,97.759,31.395,40.343,26.021,7296.764,,False,False
STR,Aston Martin,40.0,STR_40.0,MEDIUM,3.0,01:56.032,116.032,51.953,38.0,26.079,,7326.198,False,False
STR,Aston Martin,41.0,STR_41.0,MEDIUM,3.0,01:30.098,90.098,28.788,36.362,24.948,,,True,True
STR,Aston Martin,42.0,STR_42.0,MEDIUM,3.0,01:30.161,90.161,28.734,36.438,24.989,,,False,True
STR,Aston Martin,43.0,STR_43.0,MEDIUM,3.0,01:30.196,90.196,28.864,36.431,24.901,,,False,True
STR,Aston Martin,44.0,STR_44.0,MEDIUM,3.0,01:30.030,90.03,28.951,36.361,24.718,,,True,True
STR,Aston Martin,45.0,STR_45.0,MEDIUM,3.0,01:30.025,90.025,29.054,36.221,24.75,,,True,True
STR,Aston Martin,46.0,STR_46.0,MEDIUM,3.0,01:29.897,89.897,28.964,36.312,24.621,,,True,True
STR,Aston Martin,47.0,STR_47.0,MEDIUM,3.0,01:29.925,89.925,29.006,36.294,24.625,,,False,True
STR,Aston Martin,48.0,STR_48.0,MEDIUM,3.0,01:30.237,90.237,29.16,36.507,24.57,,,False,True
STR,Aston Martin,49.0,STR_49.0,MEDIUM,3.0,01:29.969,89.969,29.01,36.366,24.593,,,False,True
STR,Aston Martin,50.0,STR_50.0,MEDIUM,3.0,01:30.030,90.03,29.075,36.363,24.592,,,False,True
STR,Aston Martin,51.0,STR_51.0,MEDIUM,3.0,01:30.026,90.026,29.052,36.37,24.604,,,False,True
STR,Aston Martin,52.0,STR_52.0,MEDIUM,3.0,01:30.053,90.053,29.025,36.298,24.73,,,False,True
ALB,Williams,1.0,ALB_1.0,MEDIUM,1.0,,,,39.644,26.017,,,False,False
ALB,Williams,2.0,ALB_2.0,MEDIUM,1.0,01:33.158,93.158,29.62,38.091,25.447,,,True,True
ALB,Williams,3.0,ALB_3.0,MEDIUM,1.0,01:33.373,93.373,29.733,38.034,25.606,,,False,True
ALB,Williams,4.0,ALB_4.0,MEDIUM,1.0,01:33.059,93.059,29.543,38.062,25.454,,,True,True
ALB,Williams,5.0,ALB_5.0,MEDIUM,1.0,01:32.846,92.846,29.783,37.726,25.337,,,True,True
ALB,Williams,6.0,ALB_6.0,MEDIUM,1.0,01:33.014,93.014,29.879,37.717,25.418,,,False,True
ALB,Williams,7.0,ALB_7.0,MEDIUM,1.0,01:32.939,92.939,29.816,37.648,25.475,,,False,True
ALB,Williams,8.0,ALB_8.0,MEDIUM,1.0,01:32.798,92.798,29.718,37.603,25.477,,,True,True
ALB,Williams,9.0,ALB_9.0,MEDIUM,1.0,01:32.933,92.933,29.786,37.646,25.501,,,False,True
ALB,Williams,10.0,ALB_10.0,MEDIUM,1.0,01:33.073,93.073,29.765,37.679,25.629,,,False,True
ALB,Williams,11.0,ALB_11.0,MEDIUM,1.0,01:32.981,92.981,29.81,37.723,25.448,,,False,True
ALB,Williams,12.0,ALB_12.0,MEDIUM,1.0,01:32.567,92.567,29.743,37.38,25.444,,,True,True
ALB,Williams,13.0,ALB_13.0,MEDIUM,1.0,01:32.769,92.769,29.864,37.424,25.481,,,False,True
ALB,Williams,14.0,ALB_14.0,MEDIUM,1.0,01:32.538,92.538,29.682,37.413,25.443,,,True,True
ALB,Williams,15.0,ALB_15.0,MEDIUM,1.0,01:32.265,92.265,29.539,37.395,25.331,,,True,True
ALB,Williams,16.0,ALB_16.0,MEDIUM,1.0,01:33.178,93.178,29.57,37.652,25.956,,,False,True
ALB,Williams,17.0,ALB_17.0,MEDIUM,1.0,01:34.873,94.873,29.588,37.832,27.453,,,False,True
ALB,Williams,18.0,ALB_18.0,MEDIUM,1.0,01:35.323,95.323,30.198,37.694,27.431,,,False,True
ALB,Williams,19.0,ALB_19.0,MEDIUM,1.0,01:44.619,104.619,34.216,41.761,28.642,,,False,True
ALB,Williams,20.0,ALB_20.0,MEDIUM,1.0,01:36.530,96.53,31.395,38.624,26.511,,,False,True
ALB,Williams,21.0,ALB_21.0,MEDIUM,1.0,01:33.646,93.646,30.17,37.757,25.719,,,False,True
ALB,Williams,22.0,ALB_22.0,MEDIUM,1.0,01:33.086,93.086,29.764,37.685,25.637,,,False,True
ALB,Williams,23.0,ALB_23.0,MEDIUM,1.0,01:32.891,92.891,29.758,37.613,25.52,,,False,True
ALB,Williams,24.0,ALB_24.0,MEDIUM,1.0,01:33.960,93.96,29.631,38.141,26.188,,,False,True
ALB,Williams,25.0,ALB_25.0,MEDIUM,1.0,01:35.612,95.612,29.917,38.761,26.934,,,False,True
ALB,Williams,26.0,ALB_26.0,MEDIUM,1.0,01:43.771,103.771,30.626,43.153,29.992,,,False,True
ALB,Williams,27.0,ALB_27.0,MEDIUM,1.0,01:47.754,107.754,32.341,47.181,28.232,6056.978,,False,False
ALB,Williams,28.0,ALB_28.0,INTERMEDIATE,2.0,02:08.459,128.459,58.472,41.494,28.493,,6091.731,False,False
ALB,Williams,29.0,ALB_29.0,INTERMEDIATE,2.0,01:41.726,101.726,32.027,41.29,28.409,,,False,True
ALB,Williams,30.0,ALB_30.0,INTERMEDIATE,2.0,01:43.271,103.271,32.255,41.744,29.272,,,False,True
ALB,Williams,31.0,ALB_31.0,INTERMEDIATE,2.0,01:43.229,103.229,32.454,41.623,29.152,,,False,True
ALB,Williams,32.0,ALB_32.0,INTERMEDIATE,2.0,01:44.304,104.304,32.626,42.125,29.553,,,False,True
ALB,Williams,33.0,ALB_33.0,INTERMEDIATE,2.0,01:44.820,104.82,32.729,42.557,29.534,,,False,True
ALB,Williams,34.0,ALB_34.0,INTERMEDIATE,2.0,01:45.216,105.216,33.108,42.763,29.345,,,False,True
ALB,Williams,35.0,ALB_35.0,INTERMEDIATE,2.0,01:45.202,105.202,33.118,43.02,29.064,,,False,True
ALB,Williams,36.0,ALB_36.0,INTERMEDIATE,2.0,01:43.075,103.075,32.953,42.03,28.092,,,False,True
ALB,Williams,37.0,ALB_37.0,INTERMEDIATE,2.0,01:40.273,100.273,31.87,40.87,27.533,,,False,True
ALB,Williams,38.0,ALB_38.0,INTERMEDIATE,2.0,01:37.843,97.843,31.757,40.227,25.859,7214.387,,False,False
ALB,Williams,39.0,ALB_39.0,MEDIUM,3.0,01:57.678,117.678,53.115,38.585,25.978,,7243.902,False,False
ALB,Williams,40.0,ALB_40.0,MEDIUM,3.0,01:30.889,90.889,29.039,36.956,24.894,,,True,True
ALB,Williams,41.0,ALB_41.0,MEDIUM,3.0,01:30.715,90.715,28.644,36.947,25.124,,,True,True
ALB,Williams,42.0,ALB_42.0,MEDIUM,3.0,01:30.458,90.458,28.921,36.742,24.795,,,True,True
ALB,Williams,43.0,ALB_43.0,MEDIUM,3.0,01:30.126,90.126,28.831,36.486,24.809,,,True,True
ALB,Williams,44.0,ALB_44.0,MEDIUM,3.0,01:30.740,90.74,28.967,36.502,25.271,,,False,True
ALB,Williams,45.0,ALB_45.0,MEDIUM,3.0,01:30.406,90.406,29.201,36.6,24.605,,,False,True
ALB,Williams,46.0,ALB_46.0,MEDIUM,3.0,01:30.234,90.234,29.113,36.438,24.683,,,False,True
ALB,Williams,47.0,ALB_47.0,MEDIUM,3.0,01:30.148,90.148,29.107,36.306,24.735,,,False,True
ALB,Williams,48.0,ALB_48.0,MEDIUM,3.0,01:30.068,90.068,29.132,36.381,24.555,,,True,True
ALB,Williams,49.0,ALB_49.0,MEDIUM,3.0,01:29.960,89.96,29.038,36.352,24.57,,,True,True
ALB,Williams,50.0,ALB_50.0,MEDIUM,3.0,01:29.828,89.828,29.05,36.201,24.577,,,True,True
ALB,Williams,51.0,ALB_51.0,MEDIUM,3.0,01:29.916,89.916,29.163,36.248,24.505,,,False,True
ALB,Williams,52.0,ALB_52.0,MEDIUM,3.0,01:29.718,89.718,29.121,36.186,24.411,,,True,True
ALO,Aston Martin,1.0,ALO_1.0,MEDIUM,1.0,,,,39.024,26.011,,,False,False
ALO,Aston Martin,2.0,ALO_2.0,MEDIUM,1.0,01:33.202,93.202,29.547,38.343,25.312,,,True,True
ALO,Aston Martin,3.0,ALO_3.0,MEDIUM,1.0,01:32.951,92.951,29.481,38.035,25.435,,,True,True
ALO,Aston Martin,4.0,ALO_4.0,MEDIUM,1.0,01:33.192,93.192,29.728,37.816,25.648,,,False,True
ALO,Aston Martin,5.0,ALO_5.0,MEDIUM,1.0,01:32.617,92.617,29.488,37.643,25.486,,,True,True
ALO,Aston Martin,6.0,ALO_6.0,MEDIUM,1.0,01:32.673,92.673,29.595,37.554,25.524,,,False,True
ALO,Aston Martin,7.0,ALO_7.0,MEDIUM,1.0,01:32.712,92.712,29.605,37.605,25.502,,,False,True
ALO,Aston Martin,8.0,ALO_8.0,MEDIUM,1.0,01:32.496,92.496,29.612,37.519,25.365,,,True,True
ALO,Aston Martin,9.0,ALO_9.0,MEDIUM,1.0,01:32.579,92.579,29.634,37.516,25.429,,,False,True
ALO,Aston Martin,10.0,ALO_10.0,MEDIUM,1.0,01:32.741,92.741,29.651,37.615,25.475,,,False,True
ALO,Aston Martin,11.0,ALO_11.0,MEDIUM,1.0,01:32.548,92.548,29.557,37.617,25.374,,,False,True
ALO,Aston Martin,12.0,ALO_12.0,MEDIUM,1.0,01:32.427,92.427,29.553,37.415,25.459,,,True,True
ALO,Aston Martin,13.0,ALO_13.0,MEDIUM,1.0,01:32.517,92.517,29.543,37.535,25.439,,,False,True
ALO,Aston Martin,14.0,ALO_14.0,MEDIUM,1.0,01:32.383,92.383,29.586,37.348,25.449,,,True,True
ALO,Aston Martin,15.0,ALO_15.0,MEDIUM,1.0,01:32.259,92.259,29.565,37.413,25.281,,,True,True
ALO,Aston Martin,16.0,ALO_16.0,MEDIUM,1.0,01:32.590,92.59,29.583,37.417,25.59,,,False,True
ALO,Aston Martin,17.0,ALO_17.0,MEDIUM,1.0,01:35.014,95.014,29.631,37.985,27.398,,,False,True
ALO,Aston Martin,18.0,ALO_18.0,MEDIUM,1.0,01:35.880,95.88,30.038,38.583,27.259,,,False,True
ALO,Aston Martin,19.0,ALO_19.0,MEDIUM,1.0,01:47.270,107.27,35.872,42.239,29.159,,,False,True
ALO,Aston Martin,20.0,ALO_20.0,MEDIUM,1.0,01:36.480,96.48,31.208,39.108,26.164,,,False,True
ALO,Aston Martin,21.0,ALO_21.0,MEDIUM,1.0,01:32.999,92.999,29.68,37.614,25.705,,,False,True
ALO,Aston Martin,22.0,ALO_22.0,MEDIUM,1.0,01:32.673,92.673,29.437,37.493,25.743,,,False,True
ALO,Aston Martin,23.0,ALO_23.0,MEDIUM,1.0,01:32.593,92.593,29.686,37.212,25.695,,,False,True
ALO,Aston Martin,24.0,ALO_24.0,MEDIUM,1.0,01:34.088,94.088,29.949,37.836,26.303,,,False,True
ALO,Aston Martin,25.0,ALO_25.0,MEDIUM,1.0,01:35.687,95.687,29.912,38.985,26.79,,,False,True
ALO,Aston Martin,26.0,ALO_26.0,MEDIUM,1.0,01:43.618,103.618,30.688,43.186,29.744,,,False,True
ALO,Aston Martin,27.0,ALO_27.0,MEDIUM,1.0,01:48.513,108.513,32.455,47.512,28.546,6055.058,,False,False
ALO,Aston Martin,28.0,ALO_28.0,INTERMEDIATE,2.0,02:04.427,124.427,52.917,41.822,29.688,,6084.436,False,False
ALO,Aston Martin,29.0,ALO_29.0,INTERMEDIATE,2.0,01:43.072,103.072,32.901,41.517,28.654,,,False,True
ALO,Aston Martin,30.0,ALO_30.0,INTERMEDIATE,2.0,01:42.577,102.577,32.527,41.847,28.203,,,False,True
ALO,Aston Martin,31.0,ALO_31.0,INTERMEDIATE,2.0,01:42.796,102.796,32.417,41.53,28.849,,,False,True
ALO,Aston Martin,32.0,ALO_32.0,INTERMEDIATE,2.0,01:43.690,103.69,32.451,42.017,29.222,,,False,True
ALO,Aston Martin,33.0,ALO_33.0,INTERMEDIATE,2.0,01:44.262,104.262,32.69,42.065,29.507,,,False,True
ALO,Aston Martin,34.0,ALO_34.0,INTERMEDIATE,2.0,01:44.375,104.375,32.987,42.109,29.279,,,False,True
ALO,Aston Martin,35.0,ALO_35.0,INTERMEDIATE,2.0,01:44.251,104.251,32.897,42.599,28.755,,,False,True
ALO,Aston Martin,36.0,ALO_36.0,INTERMEDIATE,2.0,01:42.513,102.513,32.485,41.834,28.194,,,False,True
ALO,Aston Martin,37.0,ALO_37.0,INTERMEDIATE,2.0,01:40.747,100.747,32.089,41.001,27.657,,,False,True
ALO,Aston Martin,38.0,ALO_38.0,INTERMEDIATE,2.0,01:38.684,98.684,31.784,40.546,26.354,7206.46,,False,False
ALO,Aston Martin,39.0,ALO_39.0,MEDIUM,3.0,01:59.234,119.234,53.337,39.697,26.2,,7236.179,False,False
ALO,Aston Martin,40.0,ALO_40.0,MEDIUM,3.0,01:31.146,91.146,29.107,36.952,25.087,,,True,True
ALO,Aston Martin,41.0,ALO_41.0,MEDIUM,3.0,01:30.594,90.594,28.694,36.912,24.988,,,True,True
ALO,Aston Martin,42.0,ALO_42.0,MEDIUM,3.0,01:30.167,90.167,28.958,36.368,24.841,,,True,True
ALO,Aston Martin,43.0,ALO_43.0,MEDIUM,3.0,01:30.098,90.098,29.019,36.291,24.788,,,True,True
ALO,Aston Martin,44.0,ALO_44.0,MEDIUM,3.0,01:29.930,89.93,28.979,36.26,24.691,,,True,True
ALO,Aston Martin,45.0,ALO_45.0,MEDIUM,3.0,01:29.871,89.871,28.986,36.206,24.679,,,True,True
ALO,Aston Martin,46.0,ALO_46.0,MEDIUM,3.0,01:29.753,89.753,29.004,36.126,24.623,,,True,True
ALO,Aston Martin,47.0,ALO_47.0,MEDIUM,3.0,01:29.710,89.71,29.031,36.094,24.585,,,True,True
ALO,Aston Martin,48.0,ALO_48.0,MEDIUM,3.0,01:30.114,90.114,29.15,36.302,24.662,,,False,True
ALO,Aston Martin,49.0,ALO_49.0,MEDIUM,3.0,01:30.700,90.7,29.108,36.687,24.905,,,False,True
ALO,Aston Martin,50.0,ALO_50.0,MEDIUM,3.0,01:30.727,90.727,29.212,36.699,24.816,,,False,True
ALO,Aston Martin,51.0,ALO_51.0,MEDIUM,3.0,01:30.592,90.592,29.12,36.591,24.881,,,False,True
ALO,Aston Martin,52.0,ALO_52.0,MEDIUM,3.0,01:31.430,91.43,29.311,37.163,24.956,,,False,True
LEC,Ferrari,1.0,LEC_1.0,MEDIUM,1.0,,,,38.818,25.95,,,False,False
LEC,Ferrari,2.0,LEC_2.0,MEDIUM,1.0,01:32.858,92.858,29.575,37.979,25.304,,,True,True
LEC,Ferrari,3.0,LEC_3.0,MEDIUM,1.0,01:32.369,92.369,29.447,37.703,25.219,,,True,True
LEC,Ferrari,4.0,LEC_4.0,MEDIUM,1.0,01:32.705,92.705,29.583,37.67,25.452,,,False,True
LEC,Ferrari,5.0,LEC_5.0,MEDIUM,1.0,01:32.697,92.697,29.536,37.776,25.385,,,False,True
LEC,Ferrari,6.0,LEC_6.0,MEDIUM,1.0,01:32.758,92.758,29.562,37.512,25.684,,,False,True
LEC,Ferrari,7.0,LEC_7.0,MEDIUM,1.0,01:32.662,92.662,29.662,37.652,25.348,,,False,True
LEC,Ferrari,8.0,LEC_8.0,MEDIUM,1.0,01:32.860,92.86,29.689,37.715,25.456,,,False,True
LEC,Ferrari,9.0,LEC_9.0,MEDIUM,1.0,01:32.326,92.326,29.579,37.457,25.29,,,True,True
LEC,Ferrari,10.0,LEC_10.0,MEDIUM,1.0,01:32.496,92.496,29.59,37.473,25.433,,,False,True
LEC,Ferrari,11.0,LEC_11.0,MEDIUM,1.0,01:32.348,92.348,29.594,37.375,25.379,,,False,True
LEC,Ferrari,12.0,LEC_12.0,MEDIUM,1.0,01:32.236,92.236,29.622,37.261,25.353,,,True,True
LEC,Ferrari,13.0,LEC_13.0,MEDIUM,1.0,01:31.989,91.989,29.643,37.343,25.003,,,True,True
LEC,Ferrari,14.0,LEC_14.0,MEDIUM,1.0,01:32.396,92.396,29.708,37.354,25.334,,,False,True
LEC,Ferrari,15.0,LEC_15.0,MEDIUM,1.0,01:32.755,92.755,29.798,37.529,25.428,,,False,True
LEC,Ferrari,16.0,LEC_16.0,MEDIUM,1.0,01:32.923,92.923,29.79,37.303,25.83,,,False,True
LEC,Ferrari,17.0,LEC_17.0,MEDIUM,1.0,01:35.280,95.28,29.679,37.906,27.695,,,False,True
LEC,Ferrari,18.0,LEC_18.0,MEDIUM,1.0,01:35.951,95.951,30.445,38.347,27.159,,,False,True
LEC,Ferrari,19.0,LEC_19.0,MEDIUM,1.0,01:45.868,105.868,34.904,43.084,27.88,5274.908,,False,False
LEC,Ferrari,20.0,LEC_20.0,INTERMEDIATE,2.0,02:00.269,120.269,51.724,40.76,27.785,,5303.453,False,False
LEC,Ferrari,21.0,LEC_21.0,INTERMEDIATE,2.0,01:42.846,102.846,32.126,42.102,28.618,,,False,True
LEC,Ferrari,22.0,LEC_22.0,INTERMEDIATE,2.0,01:44.352,104.352,33.006,42.617,28.729,,,False,True
LEC,Ferrari,23.0,LEC_23.0,INTERMEDIATE,2.0,01:46.593,106.593,33.765,43.351,29.477,,,False,True
LEC,Ferrari,24.0,LEC_24.0,INTERMEDIATE,2.0,01:51.732,111.732,34.243,47.11,30.379,,,False,True
LEC,Ferrari,25.0,LEC_25.0,INTERMEDIATE,2.0,01:49.301,109.301,35.278,45.054,28.969,,,False,True
LEC,Ferrari,26.0,LEC_26.0,INTERMEDIATE,2.0,01:45.655,105.655,33.033,43.323,29.299,,,False,True
LEC,Ferrari,27.0,LEC_27.0,INTERMEDIATE,2.0,01:45.912,105.912,33.574,45.425,26.913,6141.352,,False,False
LEC,Ferrari,28.0,LEC_28.0,INTERMEDIATE,3.0,02:03.138,123.138,53.064,41.74,28.334,,6170.558,False,False
LEC,Ferrari,29.0,LEC_29.0,INTERMEDIATE,3.0,01:41.602,101.602,32.252,41.348,28.002,,,False,True
LEC,Ferrari,30.0,LEC_30.0,INTERMEDIATE,3.0,01:42.299,102.299,32.289,41.321,28.689,,,False,True
LEC,Ferrari,31.0,LEC_31.0,INTERMEDIATE,3.0,01:43.950,103.95,32.66,42.069,29.221,,,False,True
LEC,Ferrari,32.0,LEC_32.0,INTERMEDIATE,3.0,01:43.795,103.795,32.75,42.098,28.947,,,False,True
LEC,Ferrari,33.0,LEC_33.0,INTERMEDIATE,3.0,01:43.217,103.217,32.727,41.794,28.696,,,False,True
LEC,Ferrari,34.0,LEC_34.0,INTERMEDIATE,3.0,01:43.604,103.604,32.822,42.268,28.514,,,False,True
LEC,Ferrari,35.0,LEC_35.0,INTERMEDIATE,3.0,01:42.415,102.415,32.363,42.147,27.905,,,False,True
LEC,Ferrari,36.0,LEC_36.0,INTERMEDIATE,3.0,01:40.091,100.091,31.807,41.036,27.248,,,False,True
LEC,Ferrari,37.0,LEC_37.0,INTERMEDIATE,3.0,01:38.357,98.357,31.693,40.64,26.024,7184.116,,False,False
LEC,Ferrari,38.0,LEC_38.0,SOFT,4.0,01:57.811,117.811,53.271,38.515,26.025,,7213.195,False,False
LEC,Ferrari,39.0,LEC_39.0,SOFT,4.0,01:31.481,91.481,29.086,37.097,25.298,,,True,True
LEC,Ferrari,40.0,LEC_40.0,SOFT,4.0,01:30.878,90.878,29.065,36.635,25.178,,,True,True
LEC,Ferrari,41.0,LEC_41.0,SOFT,4.0,01:30.035,90.035,29.019,36.276,24.74,,,True,True
LEC,Ferrari,42.0,LEC_42.0,SOFT,4.0,01:29.832,89.832,28.93,36.325,24.577,,,True,True
LEC,Ferrari,43.0,LEC_43.0,SOFT,4.0,01:29.748,89.748,28.997,36.106,24.645,,,True,True
LEC,Ferrari,44.0,LEC_44.0,SOFT,4.0,01:29.933,89.933,29.086,36.174,24.673,,,False,True
LEC,Ferrari,45.0,LEC_45.0,SOFT,4.0,01:29.911,89.911,29.015,36.21,24.686,,,False,True
LEC,Ferrari,46.0,LEC_46.0,SOFT,4.0,01:30.051,90.051,29.135,36.266,24.65,,,False,True
LEC,Ferrari,47.0,LEC_47.0,SOFT,4.0,01:30.289,90.289,29.193,36.412,24.684,,,False,True
LEC,Ferrari,48.0,LEC_48.0,SOFT,4.0,01:30.204,90.204,29.05,36.463,24.691,,,False,True
LEC,Ferrari,49.0,LEC_49.0,SOFT,4.0,01:30.929,90.929,29.311,36.65,24.968,,,False,True
LEC,Ferrari,50.0,LEC_50.0,SOFT,4.0,01:30.488,90.488,29.114,36.846,24.528,,,False,True
LEC,Ferrari,51.0,LEC_51.0,SOFT,4.0,01:31.674,91.674,29.653,36.704,25.317,,,False,True
SAR,Williams,1.0,SAR_1.0,MEDIUM,1.0,,,,39.579,26.481,,,False,False
SAR,Williams,2.0,SAR_2.0,MEDIUM,1.0,01:33.435,93.435,29.891,38.219,25.325,,,True,True
SAR,Williams,3.0,SAR_3.0,MEDIUM,1.0,01:33.319,93.319,29.594,38.289,25.436,,,True,True
SAR,Williams,4.0,SAR_4.0,MEDIUM,1.0,01:33.110,93.11,29.717,38.06,25.333,,,True,True
SAR,Williams,5.0,SAR_5.0,MEDIUM,1.0,01:33.139,93.139,29.869,38.177,25.093,,,False,True
SAR,Williams,6.0,SAR_6.0,MEDIUM,1.0,01:32.904,92.904,29.746,37.934,25.224,,,True,True
SAR,Williams,7.0,SAR_7.0,MEDIUM,1.0,01:33.002,93.002,29.743,37.96,25.299,,,False,True
SAR,Williams,8.0,SAR_8.0,MEDIUM,1.0,01:32.806,92.806,29.748,37.767,25.291,,,True,True
SAR,Williams,9.0,SAR_9.0,MEDIUM,1.0,01:33.019,93.019,29.793,37.909,25.317,,,False,True
SAR,Williams,10.0,SAR_10.0,MEDIUM,1.0,01:32.956,92.956,29.806,37.841,25.309,,,False,True
SAR,Williams,11.0,SAR_11.0,MEDIUM,1.0,01:32.897,92.897,29.795,37.803,25.299,,,False,True
SAR,Williams,12.0,SAR_12.0,MEDIUM,1.0,01:32.748,92.748,29.723,37.736,25.289,,,True,True
SAR,Williams,13.0,SAR_13.0,MEDIUM,1.0,01:33.040,93.04,29.696,37.91,25.434,,,False,True
SAR,Williams,14.0,SAR_14.0,MEDIUM,1.0,01:32.607,92.607,29.602,37.636,25.369,,,True,True
SAR,Williams,15.0,SAR_15.0,MEDIUM,1.0,01:32.543,92.543,29.769,37.53,25.244,,,True,True
SAR,Williams,16.0,SAR_16.0,MEDIUM,1.0,01:33.701,93.701,29.851,37.381,26.469,,,False,True
SAR,Williams,17.0,SAR_17.0,MEDIUM,1.0,01:35.258,95.258,29.995,37.945,27.318,,,False,True
SAR,Williams,18.0,SAR_18.0,MEDIUM,1.0,01:34.900,94.9,30.152,37.569,27.179,,,False,True
SAR,Williams,19.0,SAR_19.0,MEDIUM,1.0,01:44.090,104.09,34.979,40.864,28.247,,,False,True
SAR,Williams,20.0,SAR_20.0,MEDIUM,1.0,01:36.116,96.116,31.2,38.791,26.125,,,False,True
SAR,Williams,21.0,SAR_21.0,MEDIUM,1.0,01:33.632,93.632,29.923,38.11,25.599,,,False,True
SAR,Williams,22.0,SAR_22.0,MEDIUM,1.0,01:32.826,92.826,29.844,37.628,25.354,,,False,True
SAR,Williams,23.0,SAR_23.0,MEDIUM,1.0,01:34.494,94.494,30.044,37.984,26.466,,,False,True
SAR,Williams,24.0,SAR_24.0,MEDIUM,1.0,01:34.037,94.037,30.05,38.221,25.766,,,False,True
SAR,Williams,25.0,SAR_25.0,MEDIUM,1.0,01:36.166,96.166,30.121,39.205,26.84,,,False,True
SAR,Williams,26.0,SAR_26.0,MEDIUM,1.0,01:44.642,104.642,31.256,43.4,29.986,,,False,True
SAR,Williams,27.0,SAR_27.0,MEDIUM,1.0,01:52.246,112.246,33.083,48.61,30.553,6065.089,,False,False
SAR,Williams,28.0,SAR_28.0,INTERMEDIATE,2.0,02:05.981,125.981,56.464,40.948,28.569,,6097.946,False,False
SAR,Williams,29.0,SAR_29.0,INTERMEDIATE,2.0,01:42.215,102.215,32.462,41.236,28.517,,,False,True
SAR,Williams,30.0,SAR_30.0,INTERMEDIATE,2.0,01:42.476,102.476,32.298,41.279,28.899,,,False,True
SAR,Williams,31.0,SAR_31.0,INTERMEDIATE,2.0,01:44.332,104.332,32.714,42.011,29.607,,,False,True
SAR,Williams,32.0,SAR_32.0,INTERMEDIATE,2.0,01:44.912,104.912,32.973,42.251,29.688,,,False,True
SAR,Williams,33.0,SAR_33.0,INTERMEDIATE,2.0,01:45.684,105.684,33.062,42.825,29.797,,,False,True
SAR,Williams,34.0,SAR_34.0,INTERMEDIATE,2.0,01:46.095,106.095,33.583,43.202,29.31,,,False,True
SAR,Williams,35.0,SAR_35.0,INTERMEDIATE,2.0,01:45.851,105.851,33.475,43.543,28.833,,,False,True
SAR,Williams,36.0,SAR_36.0,INTERMEDIATE,2.0,01:43.365,103.365,32.793,42.356,28.216,,,False,True
SAR,Williams,37.0,SAR_37.0,INTERMEDIATE,2.0,01:42.207,102.207,32.262,41.533,28.412,,,False,True
SAR,Williams,38.0,SAR_38.0,INTERMEDIATE,2.0,01:38.811,98.811,31.876,40.438,26.497,7227.139,,False,False
SAR,Williams,39.0,SAR_39.0,SOFT,3.0,01:56.256,116.256,52.81,38.033,25.413,,7256.574,False,False
SAR,Williams,40.0,SAR_40.0,SOFT,3.0,01:31.353,91.353,28.877,36.922,25.554,,,True,True
SAR,Williams,41.0,SAR_41.0,SOFT,3.0,01:30.875,90.875,28.848,36.901,25.126,,,True,True
SAR,Williams,42.0,SAR_42.0,SOFT,3.0,01:29.972,89.972,28.81,36.469,24.693,,,True,True
SAR,Williams,43.0,SAR_43.0,SOFT,3.0,01:30.162,90.162,29.054,36.445,24.663,,,False,True
SAR,Williams,44.0,SAR_44.0,SOFT,3.0,01:30.003,90.003,29.318,36.546,24.139,,,False,True
SAR,Williams,45.0,SAR_45.0,SOFT,3.0,01:30.613,90.613,29.234,36.454,24.925,,,False,True
SAR,Williams,46.0,SAR_46.0,SOFT,3.0,01:30.826,90.826,29.347,36.505,24.974,,,False,True
SAR,Williams,47.0,SAR_47.0,SOFT,3.0,01:31.250,91.25,29.434,36.797,25.019,,,False,True
SAR,Williams,48.0,SAR_48.0,SOFT,3.0,01:31.201,91.201,29.5,36.636,25.065,,,False,True
SAR,Williams,49.0,SAR_49.0,SOFT,3.0,01:31.175,91.175,29.557,36.638,24.98,,,False,True
SAR,Williams,50.0,SAR_50.0,SOFT,3.0,01:31.249,91.249,29.498,36.691,25.06,,,False,True
SAR,Williams,51.0,SAR_51.0,SOFT,3.0,01:31.662,91.662,29.836,36.802,25.024,,,False,True
SAR,Williams,52.0,SAR_52.0,SOFT,3.0,01:32.088,92.088,29.78,37.11,25.198,,,False,True
TSU,RB,1.0,TSU_1.0,MEDIUM,1.0,,,,39.386,26.16,,,False,False
TSU,RB,2.0,TSU_2.0,MEDIUM,1.0,01:33.214,93.214,29.363,38.489,25.362,,,True,True
TSU,RB,3.0,TSU_3.0,MEDIUM,1.0,01:33.062,93.062,29.476,38.062,25.524,,,True,True
TSU,RB,4.0,TSU_4.0,MEDIUM,1.0,01:33.164,93.164,29.438,38.161,25.565,,,False,True
TSU,RB,5.0,TSU_5.0,MEDIUM,1.0,01:32.607,92.607,29.369,37.878,25.36,,,True,True
TSU,RB,6.0,TSU_6.0,MEDIUM,1.0,01:32.614,92.614,29.345,37.908,25.361,,,False,True
TSU,RB,7.0,TSU_7.0,MEDIUM,1.0,01:32.817,92.817,29.512,37.93,25.375,,,False,True
TSU,RB,8.0,TSU_8.0,MEDIUM,1.0,01:32.623,92.623,29.529,37.831,25.263,,,False,True
TSU,RB,9.0,TSU_9.0,MEDIUM,1.0,01:32.570,92.57,29.49,37.695,25.385,,,True,True
TSU,RB,10.0,TSU_10.0,MEDIUM,1.0,01:33.438,93.438,29.971,37.815,25.652,,,False,True
TSU,RB,11.0,TSU_11.0,MEDIUM,1.0,01:32.805,92.805,29.618,37.695,25.492,,,False,True
TSU,RB,12.0,TSU_12.0,MEDIUM,1.0,01:32.782,92.782,29.613,37.663,25.506,,,False,True
TSU,RB,13.0,TSU_13.0,MEDIUM,1.0,01:33.031,93.031,29.61,37.809,25.612,,,False,True
TSU,RB,14.0,TSU_14.0,MEDIUM,1.0,01:32.731,92.731,29.644,37.56,25.527,,,False,True
TSU,RB,15.0,TSU_15.0,MEDIUM,1.0,01:32.589,92.589,29.66,37.436,25.493,,,False,True
TSU,RB,16.0,TSU_16.0,MEDIUM,1.0,01:33.209,93.209,29.738,37.545,25.926,,,False,True
TSU,RB,17.0,TSU_17.0,MEDIUM,1.0,01:34.738,94.738,29.818,37.734,27.186,,,False,True
TSU,RB,18.0,TSU_18.0,MEDIUM,1.0,01:35.392,95.392,30.274,37.869,27.249,,,False,True
TSU,RB,19.0,TSU_19.0,MEDIUM,1.0,01:44.585,104.585,34.098,41.565,28.922,,,False,True
TSU,RB,20.0,TSU_20.0,MEDIUM,1.0,01:36.875,96.875,31.315,38.986,26.574,,,False,True
TSU,RB,21.0,TSU_21.0,MEDIUM,1.0,01:33.724,93.724,30.003,37.96,25.761,,,False,True
TSU,RB,22.0,TSU_22.0,MEDIUM,1.0,01:32.681,92.681,29.696,37.577,25.408,,,False,True
TSU,RB,23.0,TSU_23.0,MEDIUM,1.0,01:33.106,93.106,29.934,37.548,25.624,,,False,True
TSU,RB,24.0,TSU_24.0,MEDIUM,1.0,01:34.106,94.106,29.812,38.117,26.177,,,False,True
TSU,RB,25.0,TSU_25.0,MEDIUM,1.0,01:35.473,95.473,29.857,38.781,26.835,,,False,True
TSU,RB,26.0,TSU_26.0,MEDIUM,1.0,01:43.260,103.26,30.457,43.03,29.773,,,False,True
TSU,RB,27.0,TSU_27.0,MEDIUM,1.0,01:48.126,108.126,32.036,47.377,28.713,6056.345,,False,False
TSU,RB,28.0,TSU_28.0,INTERMEDIATE,2.0,02:03.448,123.448,53.396,41.671,28.381,,6086.285,False,False
TSU,RB,29.0,TSU_29.0,INTERMEDIATE,2.0,01:43.749,103.749,33.048,42.02,28.681,,,False,True
TSU,RB,30.0,TSU_30.0,INTERMEDIATE,2.0,01:42.967,102.967,32.292,42.011,28.664,,,False,True
TSU,RB,31.0,TSU_31.0,INTERMEDIATE,2.0,01:43.355,103.355,32.201,41.91,29.244,,,False,True
TSU,RB,32.0,TSU_32.0,INTERMEDIATE,2.0,01:44.456,104.456,32.762,42.205,29.489,,,False,True
TSU,RB,33.0,TSU_33.0,INTERMEDIATE,2.0,01:44.979,104.979,32.818,42.205,29.956,,,False,True
TSU,RB,34.0,TSU_34.0,INTERMEDIATE,2.0,01:44.923,104.923,33.215,42.395,29.313,,,False,True
TSU,RB,35.0,TSU_35.0,INTERMEDIATE,2.0,01:44.782,104.782,32.984,43.231,28.567,,,False,True
TSU,RB,36.0,TSU_36.0,INTERMEDIATE,2.0,01:42.726,102.726,32.477,42.368,27.881,,,False,True
TSU,RB,37.0,TSU_37.0,INTERMEDIATE,2.0,01:41.098,101.098,32.029,41.316,27.753,,,False,True
TSU,RB,38.0,TSU_38.0,INTERMEDIATE,2.0,01:38.670,98.67,32.084,40.851,25.735,7211.16,,False,False
TSU,RB,39.0,TSU_39.0,SOFT,3.0,01:58.637,118.637,52.591,39.383,26.663,,7240.841,False,False
TSU,RB,40.0,TSU_40.0,SOFT,3.0,01:32.318,92.318,29.474,37.574,25.27,,,True,True
TSU,RB,41.0,TSU_41.0,SOFT,3.0,01:30.812,90.812,28.932,36.687,25.193,,,True,True
TSU,RB,42.0,TSU_42.0,SOFT,3.0,01:30.319,90.319,28.893,36.462,24.964,,,True,True
TSU,RB,43.0,TSU_43.0,SOFT,3.0,01:30.229,90.229,28.971,36.404,24.854,,,True,True
TSU,RB,44.0,TSU_44.0,SOFT,3.0,01:30.882,90.882,29.11,36.404,25.368,,,False,True
TSU,RB,45.0,TSU_45.0,SOFT,3.0,01:31.438,91.438,29.287,36.443,25.708,,,False,True
TSU,RB,46.0,TSU_46.0,SOFT,3.0,01:31.688,91.688,29.427,37.128,25.133,,,False,True
TSU,RB,47.0,TSU_47.0,SOFT,3.0,01:30.982,90.982,29.377,36.625,24.98,,,False,True
TSU,RB,48.0,TSU_48.0,SOFT,3.0,01:31.367,91.367,29.412,36.836,25.119,,,False,True
TSU,RB,49.0,TSU_49.0,SOFT,3.0,01:31.080,91.08,29.279,36.825,24.976,,,False,True
TSU,RB,50.0,TSU_50.0,SOFT,3.0,01:31.407,91.407,29.301,36.927,25.179,,,False,True
TSU,RB,51.0,TSU_51.0,SOFT,3.0,01:31.529,91.529,29.524,36.928,25.077,,,False,True
TSU,RB,52.0,TSU_52.0,SOFT,3.0,01:32.090,92.09,29.552,36.953,25.585,,,False,True
ZHO,Kick Sauber,1.0,ZHO_1.0,SOFT,1.0,,,,40.04,25.831,,,False,False
ZHO,Kick Sauber,2.0,ZHO_2.0,SOFT,1.0,01:33.563,93.563,29.847,38.17,25.546,,,True,True
ZHO,Kick Sauber,3.0,ZHO_3.0,SOFT,1.0,01:33.487,93.487,29.885,38.053,25.549,,,True,True
ZHO,Kick Sauber,4.0,ZHO_4.0,SOFT,1.0,01:33.221,93.221,29.724,38.02,25.477,,,True,True
ZHO,Kick Sauber,5.0,ZHO_5.0,SOFT,1.0,01:33.271,93.271,29.833,37.992,25.446,,,False,True
ZHO,Kick Sauber,6.0,ZHO_6.0,SOFT,1.0,01:33.788,93.788,29.781,37.972,26.035,,,False,True
ZHO,Kick Sauber,7.0,ZHO_7.0,SOFT,1.0,01:34.510,94.51,30.318,38.563,25.629,,,False,True
ZHO,Kick Sauber,8.0,ZHO_8.0,SOFT,1.0,01:36.323,96.323,30.293,39.586,26.444,,,False,True
ZHO,Kick Sauber,9.0,ZHO_9.0,SOFT,1.0,01:35.322,95.322,30.439,38.755,26.128,,,False,True
ZHO,Kick Sauber,10.0,ZHO_10.0,SOFT,1.0,01:35.828,95.828,30.416,38.453,26.959,,,False,True
ZHO,Kick Sauber,11.0,ZHO_11.0,SOFT,1.0,01:35.012,95.012,30.324,38.656,26.032,,,False,True
ZHO,Kick Sauber,12.0,ZHO_12.0,SOFT,1.0,01:34.235,94.235,30.257,38.295,25.683,4630.69,,False,False
ZHO,Kick Sauber,13.0,ZHO_13.0,MEDIUM,2.0,01:55.049,115.049,51.314,38.044,25.691,,4659.833,False,False
ZHO,Kick Sauber,14.0,ZHO_14.0,MEDIUM,2.0,01:32.450,92.45,29.389,37.429,25.632,,,True,True
ZHO,Kick Sauber,15.0,ZHO_15.0,MEDIUM,2.0,01:32.479,92.479,29.508,37.561,25.41,,,False,True
ZHO,Kick Sauber,16.0,ZHO_16.0,MEDIUM,2.0,01:35.202,95.202,29.675,37.297,28.23,,,False,True
ZHO,Kick Sauber,17.0,ZHO_17.0,MEDIUM,2.0,01:38.106,98.106,30.887,39.097,28.122,,,False,True
ZHO,Kick Sauber,18.0,ZHO_18.0,MEDIUM,2.0,01:39.637,99.637,32.577,39.367,27.693,,,False,True
ZHO,Kick Sauber,19.0,ZHO_19.0,MEDIUM,2.0,01:46.313,106.313,37.038,42.017,27.258,5329.813,,False,False
ZHO,Kick Sauber,20.0,ZHO_20.0,INTERMEDIATE,3.0,02:05.955,125.955,55.824,42.117,28.014,,5359.709,False,False
ZHO,Kick Sauber,21.0,ZHO_21.0,INTERMEDIATE,3.0,01:44.560,104.56,32.701,42.512,29.347,,,False,True
ZHO,Kick Sauber,22.0,ZHO_22.0,INTERMEDIATE,3.0,01:50.248,110.248,35.886,44.53,29.832,,,False,True
ZHO,Kick Sauber,23.0,ZHO_23.0,INTERMEDIATE,3.0,01:50.081,110.081,34.464,45.68,29.937,,,False,True
ZHO,Kick Sauber,24.0,ZHO_24.0,INTERMEDIATE,3.0,01:48.867,108.867,34.457,44.454,29.956,,,False,True
ZHO,Kick Sauber,25.0,ZHO_25.0,INTERMEDIATE,3.0,01:48.245,108.245,33.856,44.552,29.837,,,False,True
ZHO,Kick Sauber,26.0,ZHO_26.0,INTERMEDIATE,3.0,01:45.113,105.113,33.799,44.098,27.216,6102.992,,False,False
ZHO,Kick Sauber,27.0,ZHO_27.0,INTERMEDIATE,4.0,02:04.515,124.515,53.952,42.035,28.528,,6132.065,False,False
ZHO,Kick Sauber,28.0,ZHO_28.0,INTERMEDIATE,4.0,01:41.866,101.866,32.137,41.252,28.477,,,False,True
ZHO,Kick Sauber,29.0,ZHO_29.0,INTERMEDIATE,4.0,01:41.993,101.993,32.073,41.304,28.616,,,False,True
ZHO,Kick Sauber,30.0,ZHO_30.0,INTERMEDIATE,4.0,01:43.157,103.157,32.392,41.648,29.117,,,False,True
ZHO,Kick Sauber,31.0,ZHO_31.0,INTERMEDIATE,4.0,01:44.316,104.316,32.443,42.381,29.492,,,False,True
ZHO,Kick Sauber,32.0,ZHO_32.0,INTERMEDIATE,4.0,01:45.029,105.029,32.927,42.695,29.407,,,False,True
ZHO,Kick Sauber,33.0,ZHO_33.0,INTERMEDIATE,4.0,01:45.412,105.412,33.253,43.03,29.129,,,False,True
ZHO,Kick Sauber,34.0,ZHO_34.0,INTERMEDIATE,4.0,01:48.010,108.01,33.092,45.14,29.778,,,False,True
ZHO,Kick Sauber,35.0,ZHO_35.0,INTERMEDIATE,4.0,01:42.569,102.569,32.458,42.08,28.031,,,False,True
ZHO,Kick Sauber,36.0,ZHO_36.0,INTERMEDIATE,4.0,01:42.823,102.823,32.08,42.606,28.137,,,False,True
ZHO,Kick Sauber,37.0,ZHO_37.0,INTERMEDIATE,4.0,01:41.608,101.608,32.279,42.421,26.908,7264.272,,False,False
ZHO,Kick Sauber,38.0,ZHO_38.0,SOFT,5.0,02:06.729,126.729,59.418,40.462,26.849,,7297.255,False,False
ZHO,Kick Sauber,39.0,ZHO_39.0,SOFT,5.0,01:32.696,92.696,29.452,37.479,25.765,,,False,True
ZHO,Kick Sauber,40.0,ZHO_40.0,SOFT,5.0,01:33.170,93.17,30.316,37.298,25.556,,,False,True
ZHO,Kick Sauber,41.0,ZHO_41.0,SOFT,5.0,01:31.151,91.151,29.163,36.746,25.242,,,True,True
ZHO,Kick Sauber,42.0,ZHO_42.0,SOFT,5.0,01:31.121,91.121,29.293,36.625,25.203,,,True,True
ZHO,Kick Sauber,43.0,ZHO_43.0,SOFT,5.0,01:31.014,91.014,29.221,36.708,25.085,,,True,True
ZHO,Kick Sauber,44.0,ZHO_44.0,SOFT,5.0,01:31.378,91.378,29.293,36.883,25.202,,,False,True
ZHO,Kick Sauber,45.0,ZHO_45.0,SOFT,5.0,01:31.360,91.36,29.387,36.896,25.077,,,False,True
ZHO,Kick Sauber,46.0,ZHO_46.0,SOFT,5.0,01:31.430,91.43,29.359,37.049,25.022,,,False,True
ZHO,Kick Sauber,47.0,ZHO_47.0,SOFT,5.0,01:31.283,91.283,29.365,36.915,25.003,,,False,True
ZHO,Kick Sauber,48.0,ZHO_48.0,SOFT,5.0,01:31.556,91.556,29.466,37.132,24.958,,,False,True
ZHO,Kick Sauber,49.0,ZHO_49.0,SOFT,5.0,01:32.504,92.504,29.613,37.473,25.418,,,False,True
ZHO,Kick Sauber,50.0,ZHO_50.0,SOFT,5.0,01:31.749,91.749,29.598,37.13,25.021,,,False,True
RIC,RB,1.0,RIC_1.0,MEDIUM,1.0,,,,39.782,26.538,,,False,False
RIC,RB,2.0,RIC_2.0,MEDIUM,1.0,01:33.709,93.709,29.978,38.417,25.314,,,True,True
RIC,RB,3.0,RIC_3.0,MEDIUM,1.0,01:33.429,93.429,29.623,38.35,25.456,,,True,True
RIC,RB,4.0,RIC_4.0,MEDIUM,1.0,01:33.253,93.253,29.733,38.107,25.413,,,True,True
RIC,RB,5.0,RIC_5.0,MEDIUM,1.0,01:33.263,93.263,29.691,38.171,25.401,,,False,True
RIC,RB,6.0,RIC_6.0,MEDIUM,1.0,01:33.666,93.666,29.619,38.276,25.771,,,False,True
RIC,RB,7.0,RIC_7.0,MEDIUM,1.0,01:32.952,92.952,29.738,37.75,25.464,,,True,True
RIC,RB,8.0,RIC_8.0,MEDIUM,1.0,01:33.095,93.095,29.786,37.74,25.569,,,False,True
RIC,RB,9.0,RIC_9.0,MEDIUM,1.0,01:32.762,92.762,29.737,37.614,25.411,,,True,True
RIC,RB,10.0,RIC_10.0,MEDIUM,1.0,01:32.721,92.721,29.651,37.583,25.487,,,True,True
RIC,RB,11.0,RIC_11.0,MEDIUM,1.0,01:32.804,92.804,29.746,37.68,25.378,,,False,True
RIC,RB,12.0,RIC_12.0,MEDIUM,1.0,01:32.797,92.797,29.722,37.662,25.413,,,False,True
RIC,RB,13.0,RIC_13.0,MEDIUM,1.0,01:32.880,92.88,29.622,37.779,25.479,,,False,True
RIC,RB,14.0,RIC_14.0,MEDIUM,1.0,01:32.933,92.933,29.759,37.682,25.492,,,False,True
RIC,RB,15.0,RIC_15.0,MEDIUM,1.0,01:33.171,93.171,29.731,37.702,25.738,,,False,True
RIC,RB,16.0,RIC_16.0,MEDIUM,1.0,01:34.437,94.437,30.036,38.307,26.094,,,False,True
RIC,RB,17.0,RIC_17.0,MEDIUM,1.0,01:35.885,95.885,29.662,38.406,27.817,,,False,True
RIC,RB,18.0,RIC_18.0,MEDIUM,1.0,01:36.827,96.827,30.315,38.749,27.763,,,False,True
RIC,RB,19.0,RIC_19.0,MEDIUM,1.0,01:44.922,104.922,34.743,41.888,28.291,,,False,True
RIC,RB,20.0,RIC_20.0,MEDIUM,1.0,01:37.330,97.33,31.631,39.154,26.545,,,False,True
RIC,RB,21.0,RIC_21.0,MEDIUM,1.0,01:34.722,94.722,30.185,38.393,26.144,,,False,True
RIC,RB,22.0,RIC_22.0,MEDIUM,1.0,01:33.015,93.015,29.678,37.782,25.555,,,False,True
RIC,RB,23.0,RIC_23.0,MEDIUM,1.0,01:34.224,94.224,29.69,38.201,26.333,,,False,True
RIC,RB,24.0,RIC_24.0,MEDIUM,1.0,01:36.483,96.483,30.177,39.232,27.074,,,False,True
RIC,RB,25.0,RIC_25.0,MEDIUM,1.0,01:38.725,98.725,30.63,40.504,27.591,,,False,True
RIC,RB,26.0,RIC_26.0,MEDIUM,1.0,01:44.813,104.813,31.531,45.143,28.139,5967.19,,False,False
RIC,RB,27.0,RIC_27.0,INTERMEDIATE,2.0,02:02.788,122.788,51.716,42.43,28.642,,5996.001,False,False
RIC,RB,28.0,RIC_28.0,INTERMEDIATE,2.0,01:43.338,103.338,32.195,42.262,28.881,,,False,True
RIC,RB,29.0,RIC_29.0,INTERMEDIATE,2.0,01:43.377,103.377,32.484,41.934,28.959,,,False,True
RIC,RB,30.0,RIC_30.0,INTERMEDIATE,2.0,01:43.298,103.298,32.445,41.612,29.241,,,False,True
RIC,RB,31.0,RIC_31.0,INTERMEDIATE,2.0,01:43.699,103.699,32.472,42.03,29.197,,,False,True
RIC,RB,32.0,RIC_32.0,INTERMEDIATE,2.0,01:44.144,104.144,32.457,41.969,29.718,,,False,True
RIC,RB,33.0,RIC_33.0,INTERMEDIATE,2.0,01:44.855,104.855,32.877,42.38,29.598,,,False,True
RIC,RB,34.0,RIC_34.0,INTERMEDIATE,2.0,01:45.969,105.969,33.254,43.215,29.5,,,False,True
RIC,RB,35.0,RIC_35.0,INTERMEDIATE,2.0,01:45.535,105.535,33.149,43.7,28.686,,,False,True
RIC,RB,36.0,RIC_36.0,INTERMEDIATE,2.0,01:43.213,103.213,32.5,42.387,28.326,,,False,True
RIC,RB,37.0,RIC_37.0,INTERMEDIATE,2.0,01:40.483,100.483,32.042,41.775,26.666,7127.921,,False,False
RIC,RB,38.0,RIC_38.0,SOFT,3.0,02:03.328,123.328,55.795,40.479,27.054,,7157.887,False,False
RIC,RB,39.0,RIC_39.0,SOFT,3.0,01:33.138,93.138,29.476,37.962,25.7,,,False,True
RIC,RB,40.0,RIC_40.0,SOFT,3.0,01:32.428,92.428,29.333,37.421,25.674,,,True,True
RIC,RB,41.0,RIC_41.0,SOFT,3.0,01:31.289,91.289,29.171,36.935,25.183,,,True,True
RIC,RB,42.0,RIC_42.0,SOFT,3.0,01:30.765,90.765,29.208,36.632,24.925,,,True,True
RIC,RB,43.0,RIC_43.0,SOFT,3.0,01:31.198,91.198,29.188,36.801,25.209,,,False,True
RIC,RB,44.0,RIC_44.0,SOFT,3.0,01:31.080,91.08,29.273,36.824,24.983,,,False,True
RIC,RB,45.0,RIC_45.0,SOFT,3.0,01:30.955,90.955,29.229,36.719,25.007,,,False,True
RIC,RB,46.0,RIC_46.0,SOFT,3.0,01:30.849,90.849,29.18,36.72,24.949,,,False,True
RIC,RB,47.0,RIC_47.0,SOFT,3.0,01:30.735,90.735,29.14,36.665,24.93,,,True,True
RIC,RB,48.0,RIC_48.0,SOFT,3.0,01:31.109,91.109,29.302,36.824,24.983,,,False,True
RIC,RB,49.0,RIC_49.0,SOFT,3.0,01:32.926,92.926,29.324,36.947,26.655,,,False,True
RIC,RB,50.0,RIC_50.0,SOFT,3.0,01:34.150,94.15,29.532,39.195,25.423,,,False,True
RIC,RB,51.0,RIC_51.0,SOFT,3.0,01:34.814,94.814,29.907,39.398,25.509,,,False,True
BOT,Kick Sauber,1.0,BOT_1.0,MEDIUM,1.0,,,,40.38,26.634,,,False,False
BOT,Kick Sauber,2.0,BOT_2.0,MEDIUM,1.0,01:35.368,95.368,30.06,39.194,26.114,,,True,True
BOT,Kick Sauber,3.0,BOT_3.0,MEDIUM,1.0,01:34.447,94.447,30.096,38.414,25.937,,,True,True
BOT,Kick Sauber,4.0,BOT_4.0,MEDIUM,1.0,01:34.322,94.322,29.89,38.839,25.593,,,True,True
BOT,Kick Sauber,5.0,BOT_5.0,MEDIUM,1.0,01:33.768,93.768,29.92,38.115,25.733,,,True,True
BOT,Kick Sauber,6.0,BOT_6.0,MEDIUM,1.0,01:33.460,93.46,29.755,37.957,25.748,,,True,True
BOT,Kick Sauber,7.0,BOT_7.0,MEDIUM,1.0,01:33.648,93.648,29.919,37.898,25.831,,,False,True
BOT,Kick Sauber,8.0,BOT_8.0,MEDIUM,1.0,01:33.561,93.561,29.899,37.968,25.694,,,False,True
BOT,Kick Sauber,9.0,BOT_9.0,MEDIUM,1.0,01:33.645,93.645,29.917,37.913,25.815,,,False,True
BOT,Kick Sauber,10.0,BOT_10.0,MEDIUM,1.0,01:33.787,93.787,29.85,38.666,25.271,,,False,True
BOT,Kick Sauber,11.0,BOT_11.0,MEDIUM,1.0,01:33.561,93.561,29.856,37.941,25.764,,,False,True
BOT,Kick Sauber,12.0,BOT_12.0,MEDIUM,1.0,01:33.269,93.269,29.772,37.795,25.702,,,True,True
BOT,Kick Sauber,13.0,BOT_13.0,MEDIUM,1.0,01:33.650,93.65,29.875,37.893,25.882,,,False,True
BOT,Kick Sauber,14.0,BOT_14.0,MEDIUM,1.0,01:33.156,93.156,29.676,38.254,25.226,,,True,True
BOT,Kick Sauber,15.0,BOT_15.0,MEDIUM,1.0,01:33.228,93.228,29.765,37.843,25.62,,,False,True
BOT,Kick Sauber,16.0,BOT_16.0,MEDIUM,1.0,01:33.967,93.967,30.009,37.686,26.272,,,False,True
BOT,Kick Sauber,17.0,BOT_17.0,MEDIUM,1.0,01:35.498,95.498,29.995,38.17,27.333,,,False,True
BOT,Kick Sauber,18.0,BOT_18.0,MEDIUM,1.0,01:36.075,96.075,30.607,38.352,27.116,,,False,True
BOT,Kick Sauber,19.0,BOT_19.0,MEDIUM,1.0,01:44.426,104.426,34.195,41.638,28.593,,,False,True
BOT,Kick Sauber,20.0,BOT_20.0,MEDIUM,1.0,01:38.542,98.542,31.346,39.657,27.539,,,False,True
BOT,Kick Sauber,21.0,BOT_21.0,MEDIUM,1.0,01:35.235,95.235,30.651,38.519,26.065,,,False,True
BOT,Kick Sauber,22.0,BOT_22.0,MEDIUM,1.0,01:34.030,94.03,30.193,38.037,25.8,,,False,True
BOT,Kick Sauber,23.0,BOT_23.0,MEDIUM,1.0,01:34.076,94.076,29.814,38.272,25.99,,,False,True
BOT,Kick Sauber,24.0,BOT_24.0,MEDIUM,1.0,01:37.350,97.35,30.277,39.562,27.511,,,False,True
BOT,Kick Sauber,25.0,BOT_25.0,MEDIUM,1.0,01:39.761,99.761,30.996,40.455,28.31,,,False,True
BOT,Kick Sauber,26.0,BOT_26.0,MEDIUM,1.0,01:49.533,109.533,32.03,48.117,29.386,5985.423,,False,False
BOT,Kick Sauber,27.0,BOT_27.0,INTERMEDIATE,2.0,02:05.367,125.367,53.985,42.457,28.925,,6016.02,False,False
BOT,Kick Sauber,28.0,BOT_28.0,INTERMEDIATE,2.0,01:42.562,102.562,32.119,41.797,28.646,,,False,True
BOT,Kick Sauber,29.0,BOT_29.0,INTERMEDIATE,2.0,01:43.302,103.302,32.442,42.118,28.742,,,False,True
BOT,Kick Sauber,30.0,BOT_30.0,INTERMEDIATE,2.0,01:43.472,103.472,32.322,41.902,29.248,,,False,True
BOT,Kick Sauber,31.0,BOT_31.0,INTERMEDIATE,2.0,01:44.510,104.51,32.583,42.474,29.453,,,False,True
BOT,Kick Sauber,32.0,BOT_32.0,INTERMEDIATE,2.0,01:45.199,105.199,32.618,42.633,29.948,,,False,True
BOT,Kick Sauber,33.0,BOT_33.0,INTERMEDIATE,2.0,01:45.552,105.552,32.969,43.078,29.505,,,False,True
BOT,Kick Sauber,34.0,BOT_34.0,INTERMEDIATE,2.0,01:45.199,105.199,33.01,42.817,29.372,,,False,True
BOT,Kick Sauber,35.0,BOT_35.0,INTERMEDIATE,2.0,01:45.476,105.476,32.821,43.982,28.673,,,False,True
BOT,Kick Sauber,36.0,BOT_36.0,INTERMEDIATE,2.0,01:42.968,102.968,32.265,42.732,27.971,,,False,True
BOT,Kick Sauber,37.0,BOT_37.0,INTERMEDIATE,2.0,01:39.987,99.987,31.826,41.525,26.636,7149.116,,False,False
BOT,Kick Sauber,38.0,BOT_38.0,SOFT,3.0,02:06.628,126.628,56.285,42.594,27.749,,7180.628,False,False
BOT,Kick Sauber,39.0,BOT_39.0,SOFT,3.0,01:37.114,97.114,31.692,39.101,26.321,,,False,True
BOT,Kick Sauber,40.0,BOT_40.0,SOFT,3.0,01:32.973,92.973,29.421,38.016,25.536,,,True,True
BOT,Kick Sauber,41.0,BOT_41.0,SOFT,3.0,01:33.344,93.344,30.515,37.516,25.313,,,False,True
BOT,Kick Sauber,42.0,BOT_42.0,SOFT,3.0,01:32.348,92.348,29.377,37.591,25.38,,,True,True
BOT,Kick Sauber,43.0,BOT_43.0,SOFT,3.0,01:31.732,91.732,29.24,37.244,25.248,,,True,True
BOT,Kick Sauber,44.0,BOT_44.0,SOFT,3.0,01:31.277,91.277,29.256,37.002,25.019,,,True,True
BOT,Kick Sauber,45.0,BOT_45.0,SOFT,3.0,01:33.159,93.159,30.514,37.729,24.916,,,False,True
BOT,Kick Sauber,46.0,BOT_46.0,SOFT,3.0,01:31.396,91.396,29.357,36.959,25.08,,,False,True
BOT,Kick Sauber,47.0,BOT_47.0,SOFT,3.0,01:31.431,91.431,29.454,36.922,25.055,,,False,True
BOT,Kick Sauber,48.0,BOT_48.0,SOFT,3.0,01:32.006,92.006,29.424,37.383,25.199,,,False,True
BOT,Kick Sauber,49.0,BOT_49.0,SOFT,3.0,01:31.688,91.688,29.414,37.064,25.21,,,False,True
BOT,Kick Sauber,50.0,BOT_50.0,SOFT,3.0,01:32.320,92.32,29.422,37.053,25.845,,,False,True
BOT,Kick Sauber,51.0,BOT_51.0,SOFT,3.0,01:32.217,92.217,29.389,37.433,25.395,,,False,True
MAG,Haas F1 Team,1.0,MAG_1.0,MEDIUM,1.0,,,,40.01,26.573,,,False,False
MAG,Haas F1 Team,2.0,MAG_2.0,MEDIUM,1.0,01:34.216,94.216,29.711,38.986,25.519,,,True,True
MAG,Haas F1 Team,3.0,MAG_3.0,MEDIUM,1.0,01:33.259,93.259,29.6,38.149,25.51,,,True,True
MAG,Haas F1 Team,4.0,MAG_4.0,MEDIUM,1.0,01:33.110,93.11,29.503,38.197,25.41,,,True,True
MAG,Haas F1 Team,5.0,MAG_5.0,MEDIUM,1.0,01:32.999,92.999,29.414,38.02,25.565,,,True,True
MAG,Haas F1 Team,6.0,MAG_6.0,MEDIUM,1.0,01:33.544,93.544,29.7,38.24,25.604,,,False,True
MAG,Haas F1 Team,7.0,MAG_7.0,MEDIUM,1.0,01:33.734,93.734,30.03,38.107,25.597,,,False,True
MAG,Haas F1 Team,8.0,MAG_8.0,MEDIUM,1.0,01:33.204,93.204,29.649,37.996,25.559,,,False,True
MAG,Haas F1 Team,9.0,MAG_9.0,MEDIUM,1.0,01:32.783,92.783,29.654,37.721,25.408,,,True,True
MAG,Haas F1 Team,10.0,MAG_10.0,MEDIUM,1.0,01:32.647,92.647,29.669,37.54,25.438,,,True,True
MAG,Haas F1 Team,11.0,MAG_11.0,MEDIUM,1.0,01:32.671,92.671,29.617,37.63,25.424,,,False,True
MAG,Haas F1 Team,12.0,MAG_12.0,MEDIUM,1.0,01:32.531,92.531,29.664,37.469,25.398,,,True,True
MAG,Haas F1 Team,13.0,MAG_13.0,MEDIUM,1.0,01:32.740,92.74,29.722,37.597,25.421,,,False,True
MAG,Haas F1 Team,14.0,MAG_14.0,MEDIUM,1.0,01:32.506,92.506,29.441,37.546,25.519,,,True,True
MAG,Haas F1 Team,15.0,MAG_15.0,MEDIUM,1.0,01:32.953,92.953,29.612,37.731,25.61,,,False,True
MAG,Haas F1 Team,16.0,MAG_16.0,MEDIUM,1.0,01:33.486,93.486,29.62,37.55,26.316,,,False,True
MAG,Haas F1 Team,17.0,MAG_17.0,MEDIUM,1.0,01:34.661,94.661,29.733,37.886,27.042,,,False,True
MAG,Haas F1 Team,18.0,MAG_18.0,MEDIUM,1.0,01:34.730,94.73,30.032,37.671,27.027,,,False,True
MAG,Haas F1 Team,19.0,MAG_19.0,MEDIUM,1.0,01:43.505,103.505,34.669,40.873,27.963,,,False,True
MAG,Haas F1 Team,20.0,MAG_20.0,MEDIUM,1.0,01:35.181,95.181,30.846,38.248,26.087,,,False,True
MAG,Haas F1 Team,21.0,MAG_21.0,MEDIUM,1.0,01:33.484,93.484,29.867,37.862,25.755,,,False,True
MAG,Haas F1 Team,22.0,MAG_22.0,MEDIUM,1.0,01:32.766,92.766,29.641,37.757,25.368,,,False,True
MAG,Haas F1 Team,23.0,MAG_23.0,MEDIUM,1.0,01:33.278,93.278,29.943,37.918,25.417,,,False,True
MAG,Haas F1 Team,24.0,MAG_24.0,MEDIUM,1.0,01:33.625,93.625,29.826,37.972,25.827,,,False,True
MAG,Haas F1 Team,25.0,MAG_25.0,MEDIUM,1.0,01:35.150,95.15,29.923,38.966,26.261,,,False,True
MAG,Haas F1 Team,26.0,MAG_26.0,MEDIUM,1.0,01:45.466,105.466,30.824,44.649,29.993,,,False,True
MAG,Haas F1 Team,27.0,MAG_27.0,MEDIUM,1.0,01:51.325,111.325,32.341,49.626,29.358,6063.244,,False,False
MAG,Haas F1 Team,28.0,MAG_28.0,INTERMEDIATE,2.0,02:05.299,125.299,54.214,42.073,29.012,,6093.409,False,False
MAG,Haas F1 Team,29.0,MAG_29.0,INTERMEDIATE,2.0,01:42.842,102.842,33.006,41.454,28.382,,,False,True
MAG,Haas F1 Team,30.0,MAG_30.0,INTERMEDIATE,2.0,01:42.133,102.133,32.197,41.233,28.703,,,False,True
MAG,Haas F1 Team,31.0,MAG_31.0,INTERMEDIATE,2.0,01:44.060,104.06,32.369,42.17,29.521,,,False,True
MAG,Haas F1 Team,32.0,MAG_32.0,INTERMEDIATE,2.0,01:45.084,105.084,32.999,42.275,29.81,,,False,True
MAG,Haas F1 Team,33.0,MAG_33.0,INTERMEDIATE,2.0,01:45.266,105.266,32.6,42.198,30.468,,,False,True
MAG,Haas F1 Team,34.0,MAG_34.0,INTERMEDIATE,2.0,01:46.135,106.135,33.424,42.868,29.843,,,False,True
MAG,Haas F1 Team,35.0,MAG_35.0,INTERMEDIATE,2.0,01:45.557,105.557,32.926,43.409,29.222,,,False,True
MAG,Haas F1 Team,36.0,MAG_36.0,INTERMEDIATE,2.0,01:43.611,103.611,32.486,42.725,28.4,,,False,True
MAG,Haas F1 Team,37.0,MAG_37.0,INTERMEDIATE,2.0,01:42.038,102.038,32.302,42.811,26.925,7125.121,,False,False
MAG,Haas F1 Team,38.0,MAG_38.0,SOFT,3.0,02:03.931,123.931,55.995,40.862,27.074,,7155.005,False,False
MAG,Haas F1 Team,39.0,MAG_39.0,SOFT,3.0,01:33.212,93.212,29.463,38.002,25.747,,,False,True
MAG,Haas F1 Team,40.0,MAG_40.0,SOFT,3.0,01:32.071,92.071,29.092,37.607,25.372,,,True,True
MAG,Haas F1 Team,41.0,MAG_41.0,SOFT,3.0,01:30.610,90.61,28.982,36.768,24.86,,,True,True
MAG,Haas F1 Team,42.0,MAG_42.0,SOFT,3.0,01:30.093,90.093,28.933,36.538,24.622,,,True,True
MAG,Haas F1 Team,43.0,MAG_43.0,SOFT,3.0,01:30.454,90.454,29.036,36.552,24.866,,,False,True
MAG,Haas F1 Team,44.0,MAG_44.0,SOFT,3.0,01:31.342,91.342,29.228,36.595,25.519,,,False,True
MAG,Haas F1 Team,45.0,MAG_45.0,SOFT,3.0,01:31.722,91.722,29.874,36.652,25.196,,,False,True
MAG,Haas F1 Team,46.0,MAG_46.0,SOFT,3.0,01:31.131,91.131,29.338,36.532,25.261,,,False,True
MAG,Haas F1 Team,47.0,MAG_47.0,SOFT,3.0,01:31.036,91.036,29.399,36.601,25.036,,,False,True
MAG,Haas F1 Team,48.0,MAG_48.0,SOFT,3.0,01:30.953,90.953,29.356,36.706,24.891,,,False,True
MAG,Haas F1 Team,49.0,MAG_49.0,SOFT,3.0,01:30.803,90.803,29.248,36.645,24.91,,,False,True
MAG,Haas F1 Team,50.0,MAG_50.0,SOFT,3.0,01:31.143,91.143,29.487,36.683,24.973,,,False,True
MAG,Haas F1 Team,51.0,MAG_51.0,SOFT,3.0,01:31.469,91.469,29.456,36.777,25.236,,,False,True
MAG,Haas F1 Team,52.0,MAG_52.0,SOFT,3.0,01:31.982,91.982,29.827,37.048,25.107,,,False,True
OCO,Alpine,1.0,OCO_1.0,SOFT,1.0,,,,40.063,26.292,,,False,False
OCO,Alpine,2.0,OCO_2.0,SOFT,1.0,01:33.846,93.846,29.749,38.711,25.386,,,True,True
OCO,Alpine,3.0,OCO_3.0,SOFT,1.0,01:33.479,93.479,29.591,38.313,25.575,,,True,True
OCO,Alpine,4.0,OCO_4.0,SOFT,1.0,01:33.316,93.316,29.764,38.098,25.454,,,True,True
OCO,Alpine,5.0,OCO_5.0,SOFT,1.0,01:33.210,93.21,29.757,37.863,25.59,,,True,True
OCO,Alpine,6.0,OCO_6.0,SOFT,1.0,01:33.616,93.616,29.727,38.133,25.756,,,False,True
OCO,Alpine,7.0,OCO_7.0,SOFT,1.0,01:35.183,95.183,30.502,39.145,25.536,,,False,True
OCO,Alpine,8.0,OCO_8.0,SOFT,1.0,01:33.790,93.79,29.827,38.691,25.272,,,False,True
OCO,Alpine,9.0,OCO_9.0,SOFT,1.0,01:33.898,93.898,30.112,37.931,25.855,,,False,True
OCO,Alpine,10.0,OCO_10.0,SOFT,1.0,01:33.843,93.843,30.162,37.779,25.902,,,False,True
OCO,Alpine,11.0,OCO_11.0,SOFT,1.0,01:33.846,93.846,30.102,37.823,25.921,,,False,True
OCO,Alpine,12.0,OCO_12.0,SOFT,1.0,01:34.071,94.071,30.203,37.893,25.975,,,False,True
OCO,Alpine,13.0,OCO_13.0,SOFT,1.0,01:34.491,94.491,30.327,38.095,26.069,,,False,True
OCO,Alpine,14.0,OCO_14.0,SOFT,1.0,01:35.293,95.293,30.357,38.266,26.67,,,False,True
OCO,Alpine,15.0,OCO_15.0,SOFT,1.0,01:34.884,94.884,30.406,38.341,26.137,,,False,True
OCO,Alpine,16.0,OCO_16.0,SOFT,1.0,01:36.522,96.522,30.525,38.301,27.696,,,False,True
OCO,Alpine,17.0,OCO_17.0,SOFT,1.0,01:38.735,98.735,30.742,39.546,28.447,,,False,True
OCO,Alpine,18.0,OCO_18.0,SOFT,1.0,01:38.497,98.497,31.134,39.291,28.072,,,False,True
OCO,Alpine,19.0,OCO_19.0,SOFT,1.0,01:41.731,101.731,33.657,40.353,27.721,5305.181,,False,False
OCO,Alpine,20.0,OCO_20.0,INTERMEDIATE,2.0,02:01.025,121.025,51.816,41.025,28.184,,5333.72,False,False
OCO,Alpine,21.0,OCO_21.0,INTERMEDIATE,2.0,01:39.736,99.736,32.039,41.067,26.63,5525.879,,False,False
OCO,Alpine,22.0,OCO_22.0,MEDIUM,3.0,01:55.208,115.208,50.465,38.195,26.548,,5554.278,False,False
OCO,Alpine,23.0,OCO_23.0,MEDIUM,3.0,01:35.488,95.488,30.474,38.101,26.913,,,False,True
OCO,Alpine,24.0,OCO_24.0,MEDIUM,3.0,01:38.005,98.005,30.69,39.802,27.513,,,False,True
OCO,Alpine,25.0,OCO_25.0,MEDIUM,3.0,01:47.432,107.432,30.982,45.654,30.796,,,False,True
OCO,Alpine,26.0,OCO_26.0,MEDIUM,3.0,01:58.710,118.71,36.241,52.055,30.414,6060.845,,False,False
OCO,Alpine,27.0,OCO_27.0,INTERMEDIATE,4.0,02:02.736,122.736,52.83,41.327,28.579,,6090.027,False,False
OCO,Alpine,28.0,OCO_28.0,INTERMEDIATE,4.0,01:41.716,101.716,32.178,40.992,28.546,,,False,True
OCO,Alpine,29.0,OCO_29.0,INTERMEDIATE,4.0,01:42.362,102.362,32.379,41.099,28.884,,,False,True
OCO,Alpine,30.0,OCO_30.0,INTERMEDIATE,4.0,01:43.336,103.336,32.292,41.764,29.28,,,False,True
OCO,Alpine,31.0,OCO_31.0,INTERMEDIATE,4.0,01:44.019,104.019,32.492,41.93,29.597,,,False,True
OCO,Alpine,32.0,OCO_32.0,INTERMEDIATE,4.0,01:44.673,104.673,32.773,42.158,29.742,,,False,True
OCO,Alpine,33.0,OCO_33.0,INTERMEDIATE,4.0,01:45.290,105.29,33.217,42.575,29.498,,,False,True
OCO,Alpine,34.0,OCO_34.0,INTERMEDIATE,4.0,01:45.511,105.511,32.936,43.563,29.012,,,False,True
OCO,Alpine,35.0,OCO_35.0,INTERMEDIATE,4.0,01:42.995,102.995,32.526,42.351,28.118,,,False,True
OCO,Alpine,36.0,OCO_36.0,INTERMEDIATE,4.0,01:41.215,101.215,32.124,41.176,27.915,,,False,True
OCO,Alpine,37.0,OCO_37.0,INTERMEDIATE,4.0,01:42.235,102.235,32.044,40.766,29.425,,,False,True
OCO,Alpine,38.0,OCO_38.0,INTERMEDIATE,4.0,01:39.440,99.44,31.903,40.487,27.05,7316.244,,False,False
OCO,Alpine,39.0,OCO_39.0,MEDIUM,5.0,02:00.130,120.13,53.132,39.227,27.771,,7345.298,False,False
OCO,Alpine,40.0,OCO_40.0,MEDIUM,5.0,01:32.838,92.838,30.216,37.467,25.155,,,True,True
OCO,Alpine,41.0,OCO_41.0,MEDIUM,5.0,01:31.114,91.114,29.139,36.859,25.116,,,True,True
OCO,Alpine,42.0,OCO_42.0,MEDIUM,5.0,01:31.187,91.187,29.223,36.785,25.179,,,False,True
OCO,Alpine,43.0,OCO_43.0,MEDIUM,5.0,01:31.084,91.084,29.302,36.643,25.139,,,True,True
OCO,Alpine,44.0,OCO_44.0,MEDIUM,5.0,01:30.928,90.928,29.356,36.535,25.037,,,True,True
OCO,Alpine,45.0,OCO_45.0,MEDIUM,5.0,01:30.952,90.952,29.305,36.497,25.15,,,False,True
OCO,Alpine,46.0,OCO_46.0,MEDIUM,5.0,01:30.875,90.875,29.417,36.39,25.068,,,True,True
OCO,Alpine,47.0,OCO_47.0,MEDIUM,5.0,01:33.599,93.599,29.427,36.554,27.618,,,False,True
OCO,Alpine,48.0,OCO_48.0,MEDIUM,5.0,01:35.931,95.931,32.23,38.774,24.927,,,False,True
OCO,Alpine,49.0,OCO_49.0,MEDIUM,5.0,01:31.060,91.06,29.398,36.557,25.105,,,False,True
OCO,Alpine,50.0,OCO_50.0,MEDIUM,5.0,01:31.608,91.608,29.511,36.681,25.416,,,False,True
GAS,Alpine,1.0,GAS_1.0,MEDIUM,1.0,,,,,,,,False,False
PER,Red Bull Racing,1.0,PER_1.0,HARD,1.0,,,,39.507,26.165,,3508.26,False,False
PER,Red Bull Racing,2.0,PER_2.0,HARD,1.0,01:32.942,92.942,29.472,37.864,25.606,,,True,True
PER,Red Bull Racing,3.0,PER_3.0,HARD,1.0,01:32.340,92.34,29.325,37.432,25.583,,,True,True
PER,Red Bull Racing,4.0,PER_4.0,HARD,1.0,01:32.570,92.57,29.338,37.902,25.33,,,False,True
PER,Red Bull Racing,5.0,PER_5.0,HARD,1.0,01:32.111,92.111,29.469,37.473,25.169,,,True,True
PER,Red Bull Racing,6.0,PER_6.0,HARD,1.0,01:32.250,92.25,29.44,37.495,25.315,,,False,True
PER,Red Bull Racing,7.0,PER_7.0,HARD,1.0,01:33.313,93.313,29.555,38.463,25.295,,,False,True
PER,Red Bull Racing,8.0,PER_8.0,HARD,1.0,01:33.407,93.407,29.702,38.411,25.294,,,False,True
PER,Red Bull Racing,9.0,PER_9.0,HARD,1.0,01:32.800,92.8,29.471,37.819,25.51,,,False,True
PER,Red Bull Racing,10.0,PER_10.0,HARD,1.0,01:32.709,92.709,29.426,37.691,25.592,,,False,True
PER,Red Bull Racing,11.0,PER_11.0,HARD,1.0,01:32.491,92.491,29.452,37.656,25.383,,,False,True
PER,Red Bull Racing,12.0,PER_12.0,HARD,1.0,01:32.509,92.509,29.468,37.736,25.305,,,False,True
PER,Red Bull Racing,13.0,PER_13.0,HARD,1.0,01:32.772,92.772,29.556,37.832,25.384,,,False,True
PER,Red Bull Racing,14.0,PER_14.0,HARD,1.0,01:32.488,92.488,29.42,37.698,25.37,,,False,True
PER,Red Bull Racing,15.0,PER_15.0,HARD,1.0,01:32.702,92.702,29.51,37.735,25.457,,,False,True
PER,Red Bull Racing,16.0,PER_16.0,HARD,1.0,01:34.231,94.231,29.905,38.173,26.153,,,False,True
PER,Red Bull Racing,17.0,PER_17.0,HARD,1.0,01:34.829,94.829,29.675,38.196,26.958,,,False,True
PER,Red Bull Racing,18.0,PER_18.0,HARD,1.0,01:35.384,95.384,30.348,37.842,27.194,,,False,True
PER,Red Bull Racing,19.0,PER_19.0,HARD,1.0,01:41.868,101.868,33.889,40.806,27.173,5283.182,,False,False
PER,Red Bull Racing,20.0,PER_20.0,INTERMEDIATE,2.0,01:59.150,119.15,51.2,40.616,27.334,,5311.485,False,False
PER,Red Bull Racing,21.0,PER_21.0,INTERMEDIATE,2.0,01:41.997,101.997,31.916,41.462,28.619,,,False,True
PER,Red Bull Racing,22.0,PER_22.0,INTERMEDIATE,2.0,01:44.936,104.936,33.088,42.914,28.934,,,False,True
PER,Red Bull Racing,23.0,PER_23.0,INTERMEDIATE,2.0,01:46.214,106.214,33.78,43.396,29.038,,,False,True
PER,Red Bull Racing,24.0,PER_24.0,INTERMEDIATE,2.0,01:50.729,110.729,35.068,43.926,31.735,,,False,True
PER,Red Bull Racing,25.0,PER_25.0,INTERMEDIATE,2.0,01:47.327,107.327,33.593,44.33,29.404,,,False,True
PER,Red Bull Racing,26.0,PER_26.0,INTERMEDIATE,2.0,01:45.736,105.736,32.698,43.513,29.525,,,False,True
PER,Red Bull Racing,27.0,PER_27.0,INTERMEDIATE,2.0,01:52.538,112.538,34.103,45.664,32.771,,,False,True
PER,Red Bull Racing,28.0,PER_28.0,INTERMEDIATE,2.0,01:45.224,105.224,33.67,43.489,28.065,6256.811,,False,False
PER,Red Bull Racing,29.0,PER_29.0,INTERMEDIATE,3.0,02:04.385,124.385,56.07,40.408,27.907,,6289.177,False,False
PER,Red Bull Racing,30.0,PER_30.0,INTERMEDIATE,3.0,01:40.021,100.021,31.537,40.103,28.381,,,False,True
PER,Red Bull Racing,31.0,PER_31.0,INTERMEDIATE,3.0,01:42.676,102.676,31.949,41.478,29.249,,,False,True
PER,Red Bull Racing,32.0,PER_32.0,INTERMEDIATE,3.0,01:44.035,104.035,32.368,42.186,29.481,,,False,True
PER,Red Bull Racing,33.0,PER_33.0,INTERMEDIATE,3.0,01:44.641,104.641,32.991,42.371,29.279,,,False,True
PER,Red Bull Racing,34.0,PER_34.0,INTERMEDIATE,3.0,01:45.045,105.045,33.18,43.118,28.747,,,False,True
PER,Red Bull Racing,35.0,PER_35.0,INTERMEDIATE,3.0,01:43.534,103.534,32.741,42.478,28.315,,,False,True
PER,Red Bull Racing,36.0,PER_36.0,INTERMEDIATE,3.0,01:41.845,101.845,32.059,41.861,27.925,,,False,True
PER,Red Bull Racing,37.0,PER_37.0,INTERMEDIATE,3.0,01:39.697,99.697,31.763,41.061,26.873,7202.791,,False,False
PER,Red Bull Racing,38.0,PER_38.0,MEDIUM,4.0,02:00.171,120.171,53.729,39.568,26.874,,7231.987,False,False
PER,Red Bull Racing,39.0,PER_39.0,MEDIUM,4.0,01:32.722,92.722,29.483,37.323,25.916,,,False,True
PER,Red Bull Racing,40.0,PER_40.0,MEDIUM,4.0,01:33.219,93.219,29.809,38.154,25.256,,,False,True
PER,Red Bull Racing,41.0,PER_41.0,MEDIUM,4.0,01:30.689,90.689,28.979,36.811,24.899,,,True,True
PER,Red Bull Racing,42.0,PER_42.0,MEDIUM,4.0,01:30.542,90.542,29.011,36.465,25.066,,,True,True
PER,Red Bull Racing,43.0,PER_43.0,MEDIUM,4.0,01:30.229,90.229,29.012,36.421,24.796,,,True,True
PER,Red Bull Racing,44.0,PER_44.0,MEDIUM,4.0,01:30.518,90.518,29.093,36.448,24.977,,,False,True
PER,Red Bull Racing,45.0,PER_45.0,MEDIUM,4.0,01:30.565,90.565,29.075,36.549,24.941,,,False,True
PER,Red Bull Racing,46.0,PER_46.0,MEDIUM,4.0,01:30.136,90.136,28.949,36.345,24.842,,,True,True
PER,Red Bull Racing,47.0,PER_47.0,MEDIUM,4.0,01:30.795,90.795,29.213,36.523,25.059,8142.43,,False,False
PER,Red Bull Racing,48.0,PER_48.0,SOFT,5.0,02:05.507,125.507,54.703,42.628,28.176,,8171.325,False,False
PER,Red Bull Racing,49.0,PER_49.0,SOFT,5.0,01:37.360,97.36,31.79,39.027,26.543,,,False,True
PER,Red Bull Racing,50.0,PER_50.0,SOFT,5.0,01:29.707,89.707,29.204,35.978,24.525,,,True,True
